Age(yr),LOM (g/cm2),ROM_cellulose (g/cm2),ROM_lignin(g/cm2),ROM (g/cm2),dt (cm),db (cm),rt (g/cm2),frp (g/cm2),TOM (g/cm2),wi_t (g/cm2),V(cm3),db_corr (cm),BD (g/cm3),AFDW or OM %,OC Density (mg/cm3),C_Seq (g/m2/yr),OM Density (mg/cm3),Inorganic Matter(%),Inorganic Matter Density (mg/cc),Necro_Mass (Mg/ha),LOM_A (g/cm2),ROM_A_cell (g/cm2),ROM_A_lig(g/cm2),ROM_A (g/cm2),LOM_Nr (g/cm2),ROM_Nr (g/cm2),Cumulative Nr (Mg/ha),Vol cont to cohort from litter,Vol cont to cohort from live root,Vol cont to cohort from necro root,Vol cont to cohort from inorganic,Vol cont % to cohort from litter,Vol cont % to cohort from live root,Vol cont %to cohort from necro root,Vol cont % to cohort from inorganic
0,0.029664299999999998,0.0,0.0039357,0.0039357,0.0,0.6906597764207117,0.002400690442498736,0.002273501862855153,0.035928669729223775,0.09766202071327496,0.6906597803400817,0.6906597803400817,0.19342474289833195,26.894590940592906,21.388673759156212,147.722967202645,52.0207933803999,73.1054090594071,141.40394951793206,3.36,0.029664299999999998,0.0,0.0039357,0.0039357,0.0,0.0,0.0,0.6,0.04158338802185311,0.0,0.04907639231822862,86.87345304870067,6.020820844870596,0.0,7.1057261064287465
1,0.013163791577485099,0.0005683754657137883,0.004852486533770612,0.0054208619994844005,0.6906597764207117,1.0957112765787673,0.0013925838874425734,0.0013188047930858659,0.019935459947788794,0.09763177751662327,0.4050515509424857,1.0957113273631975,0.2902525300566142,16.956645726938437,19.015948053692945,77.02439251790071,49.21709323517557,83.04335427306157,241.03543682143862,1.8584653576969499,0.012459006000000002,0.0,0.00392035077,0.00392035077,0.0007047855774850974,0.0015005112294844006,0.2205296806969498,0.29248851375,0.02412154233605886,0.03938030012445532,0.04906119473197149,72.21019474420707,5.955178366786192,9.72229338039173,12.112333508615011
2,0.0059376219484003605,0.0008918813714089744,0.005374271801454112,0.006266153172863087,1.0957112765787673,1.3794730972167617,0.0009688867125412472,0.000917555094510812,0.013143595232428458,0.09761906660137623,0.2837618650593117,1.379473141638079,0.3903366712459871,11.866449410677706,16.784385297976744,47.62768476027971,46.31910362472841,88.1335505893223,344.0175676212587,1.2203775121263447,0.0052327825200000014,0.0,0.003905061401997,0.003905061401997,0.0007048394284003591,0.0023610917708660867,0.5271228006235943,0.163175784321375,0.01678250198508946,0.05474877141547225,0.04905480733737499,57.50447978175929,5.914290837347574,19.293914425050982,17.28731495584214
3,0.0027782432976265034,0.0011115486380883196,0.005729509730177874,0.006841058368266193,1.3794730972167617,1.6141034858696268,0.0007969879678838719,0.0007547635453453843,0.010392379994740053,0.09761390963903652,0.23463043009079998,1.6141035273075617,0.46032515727810347,9.622013708625786,15.279937986650594,35.85138421568582,44.292549737552335,90.37798629137421,416.0326075405511,0.9619301665892697,0.002197768658400001,0.0,0.0038898316625292115,0.0038898316625292115,0.0005804746392265026,0.002951226705736982,0.8802929351199428,0.10870714858802165,0.013804970157988494,0.0630660954457765,0.049052215899013325,46.33122333959534,5.8837083291566605,26.878907148305725,20.90616118294227
4,0.0014008388840602006,0.001288123644269503,0.0060166176958217875,0.00730474134009129,1.6141034858696268,1.8313351661059305,0.0007345615593499531,0.0006956444879355926,0.009418104936720944,0.09761203684678049,0.21723172009596542,1.8313352059655923,0.49270033739188374,8.799488424271837,14.593210313228237,31.70108178064753,43.35510915514709,91.20051157572816,449.3452282367366,0.870558022415149,0.0009230628365280004,0.0,0.0038746613190453476,0.0038746613190453476,0.00047777604753220025,0.0034300800210459426,1.271078541977757,0.08567364563523835,0.0127236555815974,0.06978314408175254,0.049051274797377135,39.43882854556909,5.857181251419697,32.12382798005962,22.580162222951596
5,0.000804002122565318,0.0014479942185308635,0.006278367126861676,0.007726361345392539,1.8313351661059305,2.0451858462593386,0.0007200182333290929,0.0006818716673273176,0.009228781154287078,0.09761160054699987,0.21385071902066832,2.0451858851265987,0.4996026302392794,8.637914810235008,14.447389848858109,30.895847071502097,43.15524958976236,91.362085189765,456.4473806495171,0.8530363467957858,0.00038768639134176025,0.0,0.0038595501399010705,0.0038595501399010705,0.0004163157312235577,0.003866811205491469,1.69939123564926,0.07584350948647912,0.012471744398736074,0.0764844095841969,0.04905105555125622,35.46563221007874,5.831986189174655,35.76532729675078,22.937054303995822
6,0.0005490611083489021,0.0016026789983807064,0.006533448878671115,0.008136127877051822,2.0451858462593386,2.261914929110108,0.0007265743741742163,0.0006880804638304662,0.009389966128349714,0.09761179723122522,0.21672912096522384,2.2619149672245626,0.49371197965013786,8.775524658220002,14.57182592618357,31.581390238400264,43.325816514783966,91.22447534177999,450.38616313535385,0.8685188985400725,0.00016282828436353931,0.0,0.0038444978943554566,0.0038444978943554566,0.0003862328239853628,0.004291629982696365,2.1671775163174325,0.07155939604855349,0.012585306124089103,0.08353326440503085,0.04905115438755036,33.017896132211895,5.806928975690594,38.542704382783214,22.63247050931428
7,0.0004439106092939835,0.0017572299132559731,0.006790081418214788,0.00854731133147076,2.261914929110108,2.4843859435498032,0.0007425554927516789,0.0007032149027456949,0.009711500768733873,0.09761227666478255,0.2224710518934694,2.4843859810035775,0.482416820166376,9.048787697348642,14.810829474429896,32.94980812591223,43.65287387315555,90.95121230265136,438.76394629322044,0.8991221940764744,6.838787943268651e-05,0.0,0.00382950435256747,0.00382950435256747,0.000375522729861297,0.004717806978903291,2.6765104871938914,0.06960521842857423,0.012862121928020151,0.09095231622793906,0.04905139530893595,31.287314837664717,5.781481149367333,40.882764500745786,22.04843951222215
8,0.0004044390757546385,0.0019138798328879067,0.007051918210809485,0.008965798043697392,2.4843859435498032,2.7139771776108375,0.0007628647084999712,0.0007224481362436427,0.010110215886697003,0.097612885941255,0.2295912708833212,2.7139772144331245,0.4691951110053183,9.385373903217484,15.09131116368725,34.64833309366609,44.03571550346545,90.61462609678252,425.1593955018528,0.937023711945203,2.872290936172834e-05,0.0,0.003814569285592457,0.003814569285592457,0.00037571616639291014,0.005151228758104935,3.229204979643676,0.06863021776703902,0.01321390655794593,0.09869544508031865,0.04905170147801759,29.892346300011138,5.7554045966587575,42.98745535951839,21.3647937438117
9,0.0003938233340524775,0.0020736305767703393,0.007320619465647222,0.00939425004241756,2.7139771776108375,2.9514182269522444,0.0007852713551905687,0.0007436676787925723,0.010549786591004891,0.09761355814065571,0.23744108553460563,2.951418263145443,0.4555376104692565,9.753569120091061,15.381912370167628,36.522979707707805,44.43117570513011,90.24643087990894,411.1064347641264,0.9788073376470039,1.2063621931925904e-05,0.0,0.0037996924653786466,0.0037996924653786466,0.00038175971212055156,0.005594557577038914,3.826836708559622,0.06806707298768878,0.01360202168812235,0.10671995159213331,0.049052039266661164,28.666931350332128,5.728588065328709,44.94586577207149,20.65861481226766
10,0.00039594278072773803,0.002236944923181686,0.007596972798036152,0.009833917721217838,2.9514182269522444,3.1971561261528314,0.0008087935953340911,0.0007659437106532909,0.011014390289419643,0.09761426380786002,0.24573793475579012,3.1971561617080346,0.4420508140317562,10.139488867786195,15.66983337680719,38.50672491983949,44.82169307870818,89.8605111322138,397.229120953048,1.0229860501945576,5.066721211408881e-06,0.0,0.0037848736647636697,0.0037848736647636697,0.00039087605951632916,0.0060490440564541685,4.470828720156672,0.06767750689241211,0.014009460490608363,0.11499857349947318,0.04905239387329649,27.540520742012742,5.7009759215770694,46.797240976960545,19.96126235944966
11,0.0004037385182081702,0.002404048151182328,0.00788138152549166,0.010285429676673988,3.1971561261528314,3.451515484411246,0.0008329931294145497,0.0007888611534181668,0.011497171530414272,0.09761498979388243,0.2543593931620766,3.451515519314908,0.42896847632739443,10.537021163244178,15.950108500721372,40.570599191127684,45.20049913426364,89.46297883675582,383.7679771931308,1.0689168194882157,2.12802290879173e-06,0.0,0.0037701126574710914,0.0037701126574710914,0.0004016104952993785,0.006515317019202897,5.1625214716069,0.06736144072106934,0.014428630991644879,0.1235165627589692,0.04905275869039318,26.482780873025177,5.672537118552969,48.55985903389266,19.28482297452919
12,0.00041411713520706324,0.0025750593146889825,0.008174077210443692,0.010749136525132675,3.451515484411246,3.714768424136746,0.0008576675919448327,0.0008122283629235954,0.011995191224526225,0.09761573002775834,0.2632529739623264,3.7147684583735723,0.41637106545269553,10.943427066831825,16.221001272919757,42.70226825742809,45.56526387520634,89.05657293316817,370.8058015774892,1.1163253660339738,8.937696216925268e-07,0.0,0.0037554092181069543,0.0037554092181069543,0.00041322336558537073,0.006993727307025721,5.903216538868009,0.06707683906658297,0.014856027931901565,0.13226697629662662,0.04905313066721524,25.47999289693958,5.643251701318893,50.24329803603855,18.633457365702974
13,0.00042571998929328116,0.0027500482588897713,0.008475211938121636,0.011225260197011408,3.714768424136746,3.987165025508683,0.0008827163973878057,0.0008359500826541997,0.01250721509177086,0.09761648149192163,0.2723966349261632,3.9871650590629093,0.40427700809719247,11.357423951225202,16.482086105525184,44.896647917083314,45.915453746927184,88.6425760487748,358.3615543502653,1.165098018630469,3.753832411108613e-07,0.0,0.0037407631221563374,0.0037407631221563374,0.0004253446060521703,0.007484497074855071,6.694200706958734,0.06680604473924014,0.015289909026181634,0.1412471728733436,0.0490535082873978,24.52528268469573,5.613104960098414,51.85349404614729,18.008118309058563
14,0.00043794692112598005,0.0029290602535314227,0.008784898145451183,0.011713958398982606,3.987165025508683,4.268946474214218,0.0009080822359441806,0.0008599720390838579,0.01303274508897444,0.09761724246707833,0.2817814815615176,4.268946507070201,0.3926801255457802,11.778352060249757,16.73345923322428,47.151789343871975,46.25124765741273,88.22164793975024,346.4288778883674,1.2151905320108587,1.5766096126656176e-07,0.0,0.003726174145979928,0.003726174145979928,0.0004377892601647135,0.007987784253002677,7.536758058275472,0.06654163940966418,0.01572928158689027,0.1504566698779891,0.049053890686974036,23.614624723000837,5.582084919039048,53.394804031911484,17.40848632604863
15,0.0004505290389889076,0.003112126506538895,0.009103225578708306,0.0122153520852472,4.268946474214218,4.560350628596867,0.0009337255608932154,0.0008842567806770928,0.013571594918302527,0.09761801176682679,0.2914041865251645,4.560350660739382,0.3815648910573477,12.20581250614102,16.975416173383998,49.4670734093108,46.5730951917211,87.79418749385898,334.9917958656266,1.2665881124236107,6.621760373195594e-08,0.0,0.0037116420668106063,0.0037116420668106063,0.00045046282138517564,0.008503710018436594,8.432175342257649,0.06628050507882746,0.01617346060832891,0.15989594356824588,0.049054277269762206,22.74521374218615,5.550181279544601,54.87084639205687,16.83375858621238
16,0.00046334179838524006,0.003299268522786894,0.009430268279028951,0.012729536801815846,4.560350628596867,4.8616142586444635,0.0009596134633520056,0.0009087731420636164,0.014123703659652532,0.09761878840390055,0.3012636614620151,4.861614290058882,0.37091261362645966,12.639510179905184,17.20832055954816,51.84241659381557,46.881537557868754,87.36048982009481,324.0310760685909,1.3192878600201086,2.78113935674215e-08,0.0,0.003697166662750045,0.003697166662750045,0.00046331398699167266,0.009032370139065802,9.381743754863397,0.06602132989542164,0.016621876061632953,0.16956578796531205,0.04905466753964852,21.914800336364483,5.517384997901157,56.284846019071495,16.28296864666288
17,0.000476323229361522,0.0034904997814044205,0.009766087220986822,0.013256587002391244,4.8616142586444635,5.172973817747868,0.0009857148228389922,0.0009334916515249823,0.014689053609906588,0.09761957144468517,0.3113595897758119,5.172973848420275,0.36070392158294323,13.079185683883521,17.43255124856965,54.27792005500459,47.17713567288276,86.92081431611648,313.5267859100605,1.3732910231752766,1.1680785298317031e-08,0.0,0.00368274771276532,0.00368274771276532,0.00047631154857622366,0.009573839289625925,10.386758838683612,0.06576356059911818,0.01707398889560397,0.1794669792536098,0.04905506102747998,21.121418051221703,5.483688139458864,57.63977893946716,15.755114869852274
18,0.0004894381683045838,0.003685826246668358,0.010110731057950215,0.013796557304618574,5.172973817747868,5.494665561608592,0.001011998198069165,0.0009583825335354607,0.015267633725050248,0.09762035994594206,0.3216917737780218,5.49466559152589,0.3509197401761629,13.524585944495723,17.648481390492766,56.77371282996024,47.460441856326234,86.47541405550427,303.45929831983665,1.4285995472923159,4.905929825293153e-09,0.0,0.003668384996685535,0.003668384996685535,0.0004894332623747586,0.01012817230793304,11.448519395714392,0.06550696254670287,0.017529254502269467,0.1896000994697821,0.04905545725926737,20.363269404552724,5.449083853280391,58.93843577132084,15.249210970846054
19,0.0005026626160839181,0.0038852463739635383,0.010464236045573748,0.014349482419537287,5.494665561608592,5.826925370803315,0.001038430917633338,0.0009834148476171236,0.01585942302572554,0.097621152927529,0.33225983834471867,5.826925399953311,0.34154165763338146,13.975451651089987,17.856470524838198,59.32988009989972,47.73198923088452,86.02454834891002,293.8096684024969,1.4852145035621205,2.0604905266231248e-09,0.0,0.0036540782951984614,0.0036540782951984614,0.0005026605555933915,0.010695404124338826,12.568325863707614,0.06525143492301765,0.017987106966148886,0.1999654407130753,0.04905585574247689,19.638676539449666,5.413566399044386,60.18345211665687,14.764304944849089
20,0.0005159769015165539,0.004088750900391617,0.010826625612519031,0.014915376512910649,5.826925370803315,6.169988433273125,0.0010649786999060071,0.0010085561283849867,0.01646438275333603,0.09762194936099718,0.3430630908413006,6.169988461644616,0.3325520440994016,14.431512038476283,18.056861964085332,61.94642876293832,47.9922882784041,85.56848796152372,284.5597558209975,1.5431353414427202,8.654060211817126e-10,0.0,0.0036398273898471875,0.0036398273898471875,0.0005159760361105328,0.011275549123063461,13.747478379625013,0.06499693312952158,0.018446952480514766,0.21056294927096417,0.04905625596030009,18.94605828045456,5.377131196269739,61.37732530614015,14.299485217135553
21,0.0005293626984362986,0.004296322547673595,0.011197909785268051,0.015494232332941647,6.169988433273125,6.524088855498061,0.0010916055104804303,0.001033772250535177,0.01708245237654396,0.09762274816531441,0.3541004498077897,6.524088883080915,0.3239340718265728,14.892482900380974,18.249982302576907,64.62326942326689,48.24182625528017,85.10751709961903,275.69224557129263,1.6023595031377944,3.6347052889631935e-10,0.0,0.0036256320630267836,0.0036256320630267836,0.0005293623349657698,0.011868600269914863,14.987274640113077,0.06474343618745201,0.018908166877964594,0.22139218937286845,0.04905665736950473,18.283918086688562,5.339774882587184,62.522425343724635,13.85388168699964
22,0.0005428017310091504,0.004507935694537747,0.011578084559824928,0.016086020254362676,6.524088855498061,6.889459232933012,0.0011182735304753626,0.0010590273988307778,0.01771354730993293,0.09762354820591426,0.3653704042201878,6.889459259718248,0.3156716969509666,15.358066050396687,18.436141760347482,67.36020567238839,48.48106772013751,84.64193394960331,267.1906292308291,1.6628821985371829,1.5265762213645415e-10,0.0,0.0036114920979809792,0.0036114920979809792,0.0005428015783515283,0.012474528156381698,16.2890076135864,0.06449093304711788,0.019370095081448244,0.23245231669166475,0.049057059399956915,17.650836603682023,5.301495375026325,63.62100323582286,13.426664785468786
23,0.0005562752206613844,0.00472355604517498,0.01196713126356223,0.016690687308737212,6.889459232933012,7.266330193673482,0.0011449431808870925,0.0010842840911636942,0.018357557414859074,0.09762434829542661,0.3768709867203288,7.266330219653341,0.307749627318365,15.827949456801399,18.615634836478012,70.15692669248794,48.710455465445484,84.1720505431986,259.03917185291954,1.7246962529398595,6.411620129731075e-11,0.0,0.0035974072787988533,0.0035974072787988533,0.0005562751565451831,0.01309328002993836,17.65396313223475,0.06423941683776883,0.019832051526079992,0.24374205690149184,0.049057461454988245,17.04546624742968,5.262291931428806,64.67519800943704,13.017043811704498
24,0.0005697636609385268,0.004943140307073497,0.012365015929011451,0.01730815623608495,7.266330193673482,7.654929922150169,0.0011715731793751213,0.0011095032323318274,0.019014345881017344,0.09762514719538125,0.38859975364470445,7.654929947318186,0.30015328620882714,16.30180771495894,18.788741059399758,73.01300146976882,48.93041156789337,83.69819228504106,251.22287464093378,1.7877919897023475,2.6928804544870518e-11,0.0,0.0035833773904115377,0.0035833773904115377,0.0005697636340097223,0.01372477884567341,19.083417380203063,0.06398888245250611,0.020293321142747636,0.25525968713719877,0.049057862912251886,16.466526767541637,5.222165210455011,65.68704296467,12.624265057333346
25,0.0005832467396170479,0.005166635885809353,0.012771688692144356,0.017938324577953708,7.654929922150169,8.055483666609371,0.0011981206193910363,0.0011346441889756992,0.01968374831838006,0.09762594361858173,0.40055376881027366,8.055483690960443,0.29286877585847026,16.77930271009273,18.955725749396695,75.9278738945481,49.14133844463569,83.22069728990726,243.72743741383456,1.8521571317570755,1.131009790884562e-11,0.0,0.0035694022185889327,0.0035694022185889327,0.00058324672830695,0.014368922359364775,20.578634288970235,0.06373932553391126,0.020753160728737594,0.2670030194227094,0.049058263124915444,15.912801350797436,5.18111732923615,66.6584713996732,12.247609920293218
26,0.000596703329221627,0.005393980601897956,0.013187083223725029,0.018581063825622985,8.055483666609371,8.468213232898389,0.0012245410673707203,0.0011596648816214195,0.02036557199019421,0.09762673623202112,0.4127295898194514,8.468213256428822,0.2858828422595803,17.260084404688193,19.1168407606926,78.90085845804413,49.34361987252517,82.7399155953118,236.53922238705513,1.9177767154844612,4.750241121715161e-12,0.0,0.003555481549936436,0.003555481549936436,0.0005967033244713859,0.015025582275686549,22.14086284898603,0.06349074204797638,0.021210800631242834,0.278969385717106,0.04905866142312619,15.383133076489719,5.139151917971643,67.59132192076201,11.886393084776623
27,0.0006101115115757235,0.005625102433742623,0.013611116200617283,0.019236218634359904,8.468213232898389,8.893336466624556,0.0012507886761581543,0.0011845218920952952,0.021059595161809035,0.09762752366028474,0.42512325643373944,8.893336489332128,0.27918284174272795,17.743791719618997,19.272325191664322,81.93113644530325,49.53762195574317,82.256208280381,229.64521978698477,1.9846330145935627,1.9951012711203676e-12,0.0,0.0035416151718916837,0.0035416151718916837,0.0006101115095806223,0.01569460346246822,23.771334346190915,0.06324312810512116,0.021665446712025173,0.2911556245008722,0.04905905711572097,14.876421637257184,5.096274170877309,68.48734339854971,11.539960793315812
28,0.0006234486214113455,0.0058599192902386524,0.014043686823193947,0.0199036061134326,8.893336466624556,9.331066725647677,0.0012768163138080597,0.0012091705855025085,0.021765566559237764,0.09762830448941424,0.437730280907128,9.331066747531684,0.27275670945411074,18.23005349275297,19.422406060213017,85.01775260629367,49.72369403855718,81.76994650724703,223.03301541555354,2.0527054734843944,8.379425338705544e-13,0.0,0.0035278028727213063,0.0035278028727213063,0.000623448620573403,0.016375803240711296,25.471259532319383,0.06299647988498658,0.022116282578461034,0.3035580689515125,0.049059449492167964,14.391620281429047,5.052490892937192,69.34819960877176,11.20768921686201
29,0.0006366913024985429,0.006098338816350679,0.014484676384639518,0.020583015200990196,9.331066725647677,9.781612344902557,0.0013025757072483732,0.0012335652462783543,0.02248320493951966,0.09762907727121745,0.45054564031615485,9.781612365963833,0.2665929296895477,18.71848950473929,19.567298944627694,88.15961232264921,49.902169564314974,81.2815104952607,216.6907601252327,2.121970650348874,3.519358642256329e-13,0.0,0.003514044441517693,0.003514044441517693,0.0006366913021466071,0.0170689707594725,27.241825738481296,0.06275079360481481,0.022562472071980748,0.3161725368146269,0.04905983782473239,13.927732950824161,5.007810541934955,70.1754735863749,10.888982920865985
30,0.0006498155733956779,0.006340258234822045,0.014933947897713549,0.021274206132535594,9.781612344902557,10.245176095644135,0.0013280176003321919,0.0012576592278665923,0.0232121987782535,0.09762984052800996,0.46356377098252893,10.245176115885085,0.2606805079916783,19.20871156388236,19.70720859147816,91.35547930204895,50.073366883384786,80.79128843611764,210.60714110829352,2.1924021705931276,1.4781306297476583e-13,0.0,0.003500339668195774,0.003500339668195774,0.0006498155732478649,0.01777386646433982,29.084193942240066,0.0625060655061355,0.023003162005754037,0.32899432209978,0.04906022137085928,13.483811595900418,4.962243265257456,70.97067171631481,10.583273422527295
31,0.0006627969014648285,0.006585564227029133,0.015391345784337769,0.021976910011366903,10.245176095644135,10.721954641323666,0.0013530919257302534,0.0012814051155050645,0.02395220608079008,0.0976305927577719,0.47677856510415906,10.721954660748294,0.2550089449008695,19.70032464262802,19.84232949242257,94.6039738372116,50.2375900132117,80.29967535737198,204.77135488765782,2.2639706912831734,6.208148644940166e-14,0.0,0.0034866883434898108,0.0034866883434898108,0.0006627969014027469,0.01849022166787709,30.999495799168052,0.06226229184914093,0.023437485142113315,0.34201818873713996,0.04906059937576478,13.058953653996346,4.915800930982093,71.73522758147091,10.290017833550632
32,0.0006756102844217981,0.006834132855830781,0.015856695633135926,0.022690828488966707,10.721954641323666,11.212137992421914,0.0013777479899781482,0.001304754901469106,0.024702854323667308,0.09763133243969933,0.490183369712142,11.212138011035808,0.24956821124961234,20.192928058164565,19.972846431828778,97.90357166696958,50.39512935368238,79.80707194183543,199.17308189592993,2.3366438773388505,2.6074224308748697e-14,0.0,0.0034730902589502005,0.0034730902589502005,0.0006756102843957239,0.019217738230016507,32.98883065060927,0.06201946891029062,0.02386456339783578,0.3552383663287898,0.04906097107522579,12.652299678528728,4.868497152779813,72.47050558598143,10.008697582710044
33,0.0006882303389125781,0.007085829533069502,0.016329804029769027,0.02341563356283853,11.212137992421914,11.715908962675412,0.0014019346708298813,0.0013276601719693143,0.02546374053245609,0.0976320580401249,0.5037709880638426,11.715908980485757,0.24434872489517184,20.68611668938636,20.098935006995948,101.2526034750532,50.5462623608429,79.31388331061365,193.80246253432895,2.410386390175111,1.0951174209674455e-14,0.0,0.003459545206940295,0.003459545206940295,0.0006882303389016269,0.019956088355898235,35.05326252008926,0.06177759298127225,0.024283511262589014,0.3686485481214261,0.049061335698555225,12.263031108381973,4.820347308192265,73.1778043706454,9.738817212780367
34,0.0007006313956537703,0.007340509034151373,0.016810458464560345,0.02415096749871172,11.715908962675412,12.233442629229565,0.001425600625896716,0.0013500723047367078,0.026234431501485304,0.09763276801877689,0.517533683569699,12.233442646245111,0.23934132879213912,21.179482222163163,20.220762122613813,104.64925505902968,50.691254181820184,78.82051777783684,188.65007461031894,2.485159889436549,4.599493168063271e-15,0.0,0.0034460529806332276,0.0034460529806332276,0.0007006313956491708,0.02070491451807849,37.19381711146203,0.06153666036853263,0.02469343941285383,0.3822418913165654,0.04906169247174718,11.890368167745581,4.771368549874925,73.8583600356298,9.479903246749695
35,0.000712787600642963,0.0075980155618633,0.01729842732149061,0.02489644288335391,12.233442629229565,12.764905799334128,0.0014486945113750145,0.0013719426761623662,0.027014464160030633,0.09763346083534125,0.5314631863356072,12.764905815565172,0.23453727031369495,21.67261441458706,20.338486460938768,108.09156819774121,50.830358253584876,78.32738558541294,183.7069120601101,2.560923048399687,1.931787130586574e-15,0.0,0.003432613374008758,0.003432613374008758,0.0007127876006410312,0.02146382950934515,39.41147882246065,0.06129666739304803,0.02509345850060293,0.3960110198211818,0.049062040620774496,11.533567887492502,4.721579809435186,74.51334918447384,9.231503118598493
36,0.000724673021880378,0.007858182861279582,0.017793459952163367,0.025651642813442947,12.764905799334128,13.31045648626034,0.0014711652094957514,0.0013932228766966666,0.027803346088534204,0.09763413495628487,0.5455507023845568,13.310456501718685,0.22992818173735713,22.16510237366773,20.452258929019997,111.57744224077672,50.96381686799799,77.83489762633226,178.96436486935912,2.6376315835323325,8.113505948463612e-16,0.0,0.003419226181850124,0.003419226181850124,0.0007246730218795667,0.022232416631592825,41.70718778780789,0.06105761039019527,0.025482683093051406,0.40994802952629267,0.04906237937501752,11.19192223991602,4.67100179353976,75.14389180225483,8.993184164289392
37,0.0007362617609657255,0.008120834387265801,0.018295286837795563,0.026416121225061366,13.31045648626034,13.870243397162543,0.0014929620631649258,0.001413864933058448,0.02860055618729707,0.09763478886189494,0.5597869256011063,13.870243411861447,0.22550606181742988,22.656535834834422,20.562223084171155,115.1046364381226,51.09186170538987,77.34346416516559,174.41420011204002,2.715238298602709,3.4076724983547173e-16,0.0,0.0034058911997409086,0.0034058911997409086,0.0007362617609653848,0.023010230025320457,44.08183696643647,0.060819485709665166,0.02586023573696389,0.4240444961836758,0.04906270797080148,10.864756379287785,4.619656972015708,75.75105397974978,8.764532668946728
38,0.0007475280688537236,0.008385783525709217,0.018803619841682124,0.02718940336739134,13.870243397162543,14.444405435629049,0.0015140351161121988,0.0014338215356605745,0.029405545498873895,0.09763542105348336,0.574162052420622,14.444405449583165,0.22126325837237512,23.14650643558747,20.66851553876437,118.67077302224467,51.21471433875234,76.85349356441253,170.0485440336228,2.7936931436245063,1.4312224493089814e-16,0.0,0.003392608224061919,0.003392608224061919,0.0007475280688535805,0.02379679514332942,46.536269287654775,0.060582289715393964,0.02622525111837201,0.43829148593183925,0.04906302565501676,10.55142698128234,4.56756955772476,76.33585049447919,8.545152966513706
39,0.0007584464649733421,0.00865283386919413,0.0193181525539204,0.027970986423114533,14.444405435629049,15.033071221666011,0.0015343353567285197,0.0014530462695290427,0.030217738184114537,0.09763603006070184,0.5886657992622688,15.033071234891318,0.21719245182078842,23.634608974725836,20.7712663453153,122.2733410485451,51.33258671046315,76.36539102527416,165.85986511032527,2.8729432888087874,6.011134287097722e-17,0.0,0.0033793770519880773,0.0033793770519880773,0.0007584464649732821,0.024591609371126456,49.07127487126475,0.060346018785502456,0.02657688028619043,0.45267956850178104,0.0490633316887949,10.25132067484295,4.514765478051768,76.89924725864671,8.334666588458568
40,0.0007689918588428071,0.008921779547402175,0.01983856072946702,0.028760340276869197,15.033071221666011,15.636358631833104,0.0015538149636550025,0.0014714938468805604,0.031036532650457353,0.09763661444890964,0.6032874226808065,15.636358644346817,0.21328663960469613,24.12044264875996,20.870599362735362,125.90970099348284,51.44568158331808,75.87955735124004,161.84095802137804,2.9529332135712,2.5246764005810435e-17,0.0,0.003366197481485324,0.003366197481485324,0.0007689918588427818,0.02539414279538387,51.68758833668742,0.06011066931223837,0.026914294906167008,0.4671988331111902,0.04906362535121087,9.963852560546806,4.461272337912986,77.44216364317951,8.132711458360696
41,0.0007791396732469529,0.009192405612055633,0.020364502819843127,0.02955690843189876,15.636358631833104,16.254374362200256,0.001572427551088152,0.0014891203394315018,0.03186130282970122,0.09763717282653264,0.6180157421876459,16.25437437402075,0.20953912144347125,24.60361225739839,20.96663260454591,129.57709010274107,51.55419296751079,75.3963877426016,157.98492847596043,3.0336048105145714,1.0603640882440384e-17,0.0,0.003353069311307531,0.003353069311307531,0.0007791396732469422,0.026203839120591228,54.385886216071235,0.05987623770192038,0.027236691509919773,0.48183890703282445,0.049063905942981226,9.688464809969254,4.407119374258592,77.96547468632691,7.938941129445232
42,0.0007888659679874859,0.009464488475742102,0.020895620598012657,0.03036010907375476,16.254374362200256,16.887213516720195,0.0015901284116935578,0.0015058834084420332,0.032691399601085,0.09763770385235081,0.6328391656666439,16.8872135278669,0.20594348536589782,25.08372937036664,21.05947856978142,133.27262847475075,51.65830652508244,74.91627062963336,154.28517884081538,3.114897504174224,4.4535291706249615e-18,0.0,0.003339992340993432,0.003339992340993432,0.0007888659679874814,0.027020116732761328,57.16678448614611,0.05964272037488279,0.027543295702549125,0.49658897679908587,0.04906417279012604,9.424625340951218,4.35233740211615,78.47001319458006,7.753024062352552
43,0.0007981475631717744,0.00973779640346702,0.02143153987514164,0.03116933627860866,16.887213516720195,17.53495922351204,0.0016068747549731657,0.0015217425304546873,0.0335261523541044,0.0976382062426492,0.647745717285141,17.534959234005335,0.20249359447175555,25.56041344827206,21.149244557249492,136.9933258577442,51.758199953248095,74.43958655172794,150.73539451850746,3.1967483841780435,1.870482251662484e-18,0.0,0.0033269663708635575,0.0033269663708635575,0.0007981475631717726,0.0278423699077451,60.03083623323781,0.0594101137654207,0.027833366291499476,0.5114378119806584,0.04906442524756241,9.17182656404474,4.296958752294936,78.95657174303182,7.5746429406285065
44,0.0008069621609730984,0.010012090055282901,0.021971871307115007,0.03198396136239791,17.53495922351204,18.19768228142703,0.001622625938912785,0.0015366592166691855,0.03436487068411641,0.09763867877816738,0.662723067776104,18.197682291288142,0.19918357437782816,26.033292910760085,21.236032963765535,140.73608913141138,51.85404334790168,73.96670708923992,147.3295310299265,3.2790923523371007,7.856025456982433e-19,0.0,0.0033139912020171895,0.0033139912020171895,0.0008069621609730976,0.02866997016038072,62.97852946537319,0.05917841432173554,0.028106199299025025,0.5263737914527467,0.04906466270259668,8.929584195751659,4.241017200946518,79.42590458169747,7.403494021604331
45,0.0008152884647761489,0.010287123077847614,0.022516211287851626,0.03280333436569924,18.19768228142703,18.87544083911944,0.0016373436927475608,0.001550597223905795,0.03520684621244052,0.09763912031078242,0.6777585669432918,18.875440848370324,0.19600780130653508,26.502006145806444,21.319941566944614,144.4977304372713,51.94599954851801,73.49799385419355,144.06180175801705,3.361862283047538,3.299530691932622e-19,0.0,0.0033010666363293226,0.0033010666363293226,0.0008152884647761486,0.029502267729369917,66.0102850847878,0.05894761850588077,0.028361131820805963,0.5413849320383226,0.049064884578282626,8.69743613448311,4.184547891252098,79.87872945376142,7.239286520503383
46,0.0008231062946167792,0.010562642742275525,0.02306414292563038,0.033626785667905904,18.87544083911944,19.568280108674728,0.0016509923287245628,0.0015635227551487353,0.03605135452138551,0.09763952976986173,0.692839278218498,19.568280117337938,0.19296089077831696,26.966202454646936,21.401063793095652,148.2749759151639,52.03422446557111,73.03379754535307,140.92666631274585,3.4449891962522683,1.3858028906117015e-19,0.0,0.0032881924764476384,0.0032881924764476384,0.0008231062946167791,0.030338593191458266,69.1264550333953,0.05871772279370783,0.028597545693979032,0.5564589193941972,0.04906509033661394,8.474941395454524,4.127587247581009,80.31572933119836,7.081742025766107
47,0.0008303966978351553,0.010838390625171905,0.023615237097831403,0.03445362772300331,19.568280108674728,20.276232115654583,0.0016635389408140332,0.0015754046477297057,0.03689765719342808,0.09763990616822442,0.7079520150784498,20.27623212375318,0.19003768687167852,27.42554292754873,21.479488970739528,152.06447499690412,52.11886739151283,72.57445707245127,137.91881948016567,3.5284024420838467,5.820372140569147e-20,0.0,0.0032753685257894925,0.0032753685257894925,0.0008303966978351552,0.031178259197213818,72.3273206229002,0.058488723674812365,0.028814870939100217,0.5715831409830174,0.049065279481519807,8.261679100995439,4.07017288253741,80.73755407274022,6.9305939437269295
48,0.0008371420538869741,0.011114103329289958,0.02416905357871904,0.035283156908009,20.276232115654583,20.999315487206445,0.0016749535884234513,0.0015862145473087767,0.03774500394266672,0.0976402486076527,0.7230833791092546,20.999315494763838,0.18723325201734894,27.87970124636568,21.555302570256977,155.86281020223822,52.200071296291824,72.12029875363432,135.0331807210571,3.6120298961895974,2.4445562990390423e-20,0.0,0.0032625945885389135,0.0032625945885389135,0.0008371420538869741,0.032020562319470085,75.61309106023592,0.0582606176524806,0.02901258894233478,0.5867447209528047,0.04906545156163453,8.05724752299661,4.012343497381249,81.14482200871475,6.7855869709073975
49,0.00084332617229825,0.011389513239827892,0.024725142234158635,0.036114655473986526,20.999315487206445,21.737535279655223,0.001685209463300505,0.0015959270659348442,0.03859263482568626,0.097640556283899,0.7382197994886396,21.737535286695085,0.18454285729528408,28.328364410580793,21.62858643015001,159.66650737688053,52.27797310830615,71.67163558941921,132.26488418697792,3.695798164628478,1.0267136455963979e-20,0.0,0.003249870469643612,0.003249870469643612,0.00084332617229825,0.032864785004342915,78.98390217790003,0.05803340124363593,0.029190235346455175,0.6019305567257351,0.049065606172813574,7.861263174441449,3.954138776374607,81.53812145687353,6.64647659231045
50,0.0008489343828050668,0.01166434931199748,0.025283044276478702,0.03694739358847618,21.737535279655223,22.490882846750054,0.0016942830379710052,0.0016045199226193013,0.03943978251811312,0.09764082849113913,0.7533475736409629,22.490882853296185,0.1819619732054563,28.771233384312193,21.699418970398554,163.47204630768414,52.352703981641454,71.2287666156878,129.60926922381483,3.7796327971281247,4.3121973115048716e-21,0.0,0.003237195974812002,0.003237195974812002,0.0008489343828050668,0.03371019761366418,82.43981537754695,0.05780707097878575,0.029347402621997767,0.6171273570798079,0.049065742960371424,7.673359947175719,3.8955992756650746,81.9180121729474,6.513028604211794
51,0.0008539536167901116,0.011938337885151532,0.02584229357207435,0.03778063145722588,22.490882846750054,23.25933574948113,0.001702154194242712,0.001611974065031733,0.040285674642431414,0.09764106462582728,0.768452908807294,23.25933575555735,0.17948626088530653,29.208023662531712,21.7678753933809,167.2758716459828,52.42438955037373,70.79197633746828,127.06187133493279,3.8634585074015986,1.8111228708320463e-21,0.0,0.0032245709105102353,0.0032245709105102353,0.0008539536167901116,0.034556060546715645,85.98081679389753,0.057581623401968485,0.02948374229313269,0.6323216814911742,0.04906586162101873,7.493188293260571,3.836766307371265,82.2850267393213,6.385018660046877
52,0.0008583724792116842,0.012211203518461314,0.026402417993806267,0.03861362151226758,23.25933574948113,24.042857708114123,0.0017088063305142202,0.0016182737711235768,0.041129536132078065,0.09764126418991542,0.7835219642630169,24.042857713744148,0.17711156374859485,29.63846575550774,21.834027872825768,171.07440406689898,52.493150170671555,70.36153424449226,124.6184135779233,3.947199399147927,7.606716057494595e-22,0.0,0.0032119950839592454,0.0032119950839592454,0.0008583724792116842,0.03540162642830834,89.60681668464954,0.05735705507070081,0.029598966796407028,0.647499980491429,0.049065961904480114,7.320414447430459,3.777681819583438,82.63967189489952,6.262231838086595
53,0.0008621813103172162,0.012482669842890981,0.02696294080979109,0.03944561065268207,24.042857708114123,24.841398596815278,0.0017142264468552409,0.00162340672970085,0.041970591616448866,0.09764142679340565,0.7985408939085065,24.84139860202263,0.1748338995220586,30.062305591225787,21.897945731259146,174.8640515899962,52.5591011513779,69.9376944087742,122.27479837068068,4.030779196299928,3.1948207441477305e-22,0.0,0.0031994683031318044,0.0031994683031318044,0.0008621813103172162,0.036246142349550266,93.31764905063629,0.05713336255592508,0.02969285095445685,0.6626486367833478,0.049066043614776705,7.154719688340869,3.7183882730317546,82.98242980894494,6.14446222968244
54,0.0008653722365404945,0.012752460424028682,0.027523382099810253,0.04027584252383894,24.841398596815278,25.654894480962025,0.0017184052070675342,0.0016273640991970961,0.04280806781123494,0.09764155215621202,0.8134958889546429,25.654894485769923,0.1726494526578702,30.47930483625152,21.959695606409873,178.64122098509804,52.62235297371201,69.52069516374848,120.0270996841582,4.114121476037943,1.341824712542047e-22,0.0,0.0031869903767495905,0.0031869903767495905,0.0008653722365404945,0.037088852147089346,97.11307148899927,0.05691054244195697,0.029765233050991217,0.6777540068505328,0.04906610661116182,6.995799636441686,3.658928515206154,83.31375930140952,6.031512546942636
55,0.0008679392100981076,0.013020299630206043,0.028083260190291802,0.04110355982049785,25.654894480962025,26.483267696955004,0.0017213369771903546,0.0016301405441388095,0.043641195898470604,0.09764164010931571,0.8283732204242479,26.48326770138627,0.1705545671013231,30.889241136174157,22.01934160703621,182.40232918642198,52.68301150068565,69.11075886382585,117.87155560063748,4.197149903059596,5.635663792676597e-23,0.0,0.003174561114280267,0.003174561114280267,0.0008679392100981076,0.03792899870621758,100.99276528063083,0.056688591326433335,0.029816015497761496,0.6928024627913516,0.049066150808701366,6.843363586452072,3.5993456527350496,83.63409701203712,5.923193748775744
56,0.0008698780369242363,0.0132859135002715,0.028642093098646577,0.04192800659891808,26.483267696955004,27.326426974071026,0.0017230198401760445,0.0016317342490435177,0.04446921388081308,0.09764169059520528,0.8431592811930144,27.326426978148017,0.16854573939450798,31.2919082773957,22.07694545863448,186.14381463839618,52.74117817678783,68.70809172260431,115.80456121772016,4.279788463584231,2.366978792924171e-23,0.0,0.0031621803259345737,0.0031621803259345737,0.0008698780369242363,0.03876582627298351,104.95633571162162,0.05646750582026024,0.029845165088763625,0.7077804341054954,0.04906617617849512,6.697133872542146,3.5396829228440323,83.94385852030628,5.819324684307541
57,0.0008711863927116699,0.01354903060537942,0.0291993999776697,0.04274843058304912,27.326426974071026,28.184267597625578,0.0017234555867259235,0.001632146909741184,0.045291368894884936,0.09764170366760178,0.8578406272990553,28.18426760137008,0.1666196120980154,31.687116272607025,22.132566639494158,189.86214849761805,52.796950218464936,68.31288372739297,113.82266187955045,4.3619616975760795,9.941310930281519e-24,0.0,0.003149847822663429,0.003149847822663429,0.0008711863927116699,0.03959858276038569,109.00331262693135,0.05624728254756123,0.0298527128415026,0.7226744491624529,0.04906618274753858,6.556845264447079,3.479983564720528,84.24343941809117,5.719731752741225
58,0.0008718638269586685,0.01380938289921608,0.029754702550750675,0.043564085449966754,28.184267597625578,29.056671612451126,0.0017226496825394745,0.001631383702358533,0.04610691946898871,0.09764167949047618,0.8724040182587419,29.05667161588432,0.16477296751380996,32.07469137281137,22.186262507557583,193.55384561736497,52.85042079587729,67.92530862718863,111.92254671793268,4.443594927692542,4.1753505907182384e-24,0.0,0.0031375634161550417,0.0031375634161550417,0.0008718638269586685,0.04042652203381171,113.13315121300838,0.056027918145625744,0.029838753429701614,0.7374711760851853,0.049066170598229236,6.422244392850642,3.4202906916061324,84.53321633675264,5.624248578790583
59,0.000871911755053786,0.014066706551204258,0.030307526528769748,0.044374233079974006,29.056671612451126,29.943508065446643,0.0017206112124868683,0.001629453230449314,0.04691513771114005,0.09764161833637461,0.886836456137883,29.943508068589008,0.16300272169352445,32.454476009214964,22.238088418544752,197.215475243831,52.90167920639233,67.54552399078503,110.1010424871321,4.524614483502779,1.75364724810166e-24,0.0,0.0031253269188320373,0.0031253269188320373,0.000871911755053786,0.04124890616114197,117.34523300462796,0.05580940926485781,0.029803444216290394,0.7521574627892099,0.04906613986752493,6.2930892024786935,3.360647164425617,84.81354793022474,5.532715702870954
60,0.0008713334385618776,0.01432074275740846,0.030857402999791762,0.04517814575720022,29.943508065446643,30.844633285716643,0.0017173528024607262,0.0016263674509863569,0.047715311414149,0.09764152058407381,0.9011252231412836,30.84463328858793,0.16130591871739522,32.826328668701585,22.28809783579834,200.8436713567858,52.95081104024078,67.17367133129841,108.35510767715442,4.60494791957621,7.365318442026974e-25,0.0,0.0031131381438485924,0.0031131381438485924,0.0008713334385618776,0.04206500761335163,121.6388671098193,0.05559175256872487,0.029747003899766148,0.7667203759270268,0.049066090745765734,6.1691484314393525,3.3010954677385875,85.0847758155379,5.444980285284155
61,0.0008701339540017594,0.014571238524099297,0.03140386978299698,0.04597510830709628,30.844633285716643,31.75989120059757,0.0017128905198956657,0.0016221415801515933,0.04850674606539684,0.09764138671559687,0.9152579175001178,31.75989120321676,0.15967972522999233,33.190123706941435,22.33634243230129,204.4351425915758,52.99789833873863,66.80987629305857,106.68182689125369,4.684524226109804,3.0934337456513295e-25,0.0,0.003100996905087583,0.003100996905087583,0.0008701339540017594,0.0428741114020087,126.01329164542034,0.05537494473370684,0.029669710791049922,0.7811472385001867,0.04906602347517431,6.050201115435826,3.2416775887706106,85.34722547211248,5.360895823681088
62,0.000868320150527733,0.014817947419224514,0.03194647273870544,0.046764420157929955,31.75989120059757,32.689113685667344,0.0017072437541582183,0.0016167939800629159,0.049288766749991164,0.09764121731262475,0.9292224874550377,32.68911368805261,0.15812142521973263,33.545751103454954,22.382872185311136,207.98668168423026,53.043019745447154,66.45424889654504,105.07840547428546,4.763274030845769,1.2992421731735586e-25,0.0,0.0030889030171577414,0.0030889030171577414,0.000868320150527733,0.04367551714077221,130.46767537455034,0.05515898244924538,0.029571900741669137,0.7954256659160704,0.04906593834805264,5.936036115561006,3.182434900242342,85.6012071010667,5.280321883129932
63,0.0008659005970411519,0.015060630287370697,0.032484767026850284,0.04754539731422098,32.689113685667344,33.632120946651916,0.0017004350782023503,0.0016103460277591898,0.05006071993711841,0.09764101305234607,0.9430072631532395,33.632120948820585,0.15662841502999386,33.893116163159185,22.427735464052287,211.49517438680834,53.0862506506309,66.10688383684081,103.54216437936294,4.841129791126213,5.456817127328947e-26,0.0,0.003076856295390826,0.003076856295390826,0.0008659005970411519,0.04446854101883015,135.00111953613745,0.05494386241769332,0.029453964747433566,0.8095436002834161,0.04906583570469652,5.8264516684602565,3.1234080476692228,85.84701644571157,5.203123838158951
64,0.0008628855193626327,0.015299055924178153,0.03301831830682683,0.04831737423100499,33.632120946651916,34.58872193098284,0.0016924900930561384,0.0016028219679260242,0.050821975140632074,0.09764077470279169,0.956600986299481,34.588721932951394,0.15519819859034242,34.23213916907202,22.47097911089386,214.95760780596024,53.12766332933879,65.76786083092799,102.07053526100366,4.918025975036762,2.291863193478158e-26,0.0,0.003064856555838802,0.003064856555838802,0.0008628855193626327,0.045252517675166186,139.61265985559032,0.05472958135426432,0.029316346254722396,0.8234893427594431,0.0490657159310511,5.721254957720716,3.0646368417546657,86.08493557434353,5.12917262618107
65,0.0008592867281893733,0.015533001706586117,0.03354670387227988,0.049079705578866,34.58872193098284,35.55871476662273,0.001683437256847989,0.0015942487509801825,0.051571926446197916,0.09764050311770543,0.9699928374239534,35.558714768406794,0.15382838285710712,34.562754990938046,22.512648516434425,218.37107812384352,53.167327073424076,65.43724500906195,100.66105578368304,4.993899230705537,9.625825412608265e-27,0.0,0.0030529036152710308,0.0030529036152710308,0.0008592867281893733,0.04602680196359497,144.30126872476876,0.05451613598698269,0.029159538198974093,0.8372515837818632,0.049065579456133386,5.620261705412511,3.0061601564413793,86.31523362640326,5.0583445117428605
66,0.0008551175386433935,0.015762254175729375,0.03406951371507986,0.04983176789080923,35.55871476662273,36.541887225661995,0.0016733077001975982,0.0015846558582411293,0.0523099938986443,0.09764019923100592,0.9831724606536116,36.54188722727634,0.15251667345316341,34.88491265457453,22.55278768890328,221.73279766697542,53.20530831779872,65.11508734542548,99.31136513536471,5.068688542945263,4.0428466732954715e-27,0.0,0.003040997291171474,0.003040997291171474,0.0008551175386433935,0.04679077059963776,149.06585753859687,0.05430352305663346,0.02898407980699411,0.8508194310407349,0.04906542674924921,5.523295782769643,2.9480158331251,86.53816752303165,4.990520861073608
67,0.0008503926822849755,0.01598660956977421,0.03458635151346991,0.05057296108324412,36.541887225661995,37.53801721010118,0.0016621350298848057,0.0015740751160015086,0.05303562474451736,0.09763986405089654,0.9961299858977006,37.5380172115597,0.15126087049736445,35.19857487671983,22.591439318272,225.04010129519094,53.241670761193035,64.80142512328017,98.01919973617142,5.14233537655291,1.6979956027840983e-27,0.0,0.003029137401735905,0.003029137401735905,0.0008503926822849755,0.04754382368150822,153.9052791749762,0.054091739316712587,0.028790553196218954,0.8641824350677356,0.04906525831703344,5.430188839056556,2.890240591469922,86.75398264303274,4.925587926440785
68,0.0008451282125201575,0.016205874304464046,0.035096835540128,0.051302709844592044,37.53801721010118,38.54687325716789,0.0016499551227689218,0.0015625405003646244,0.05374829452619805,0.09763949865368306,1.0088560483824514,38.54687325848363,0.15005886461463863,35.50371757010393,22.628644835460598,228.29045208952667,53.27647548168592,64.49628242989607,96.7823891329527,5.21478380571122,7.1315815316932145e-28,0.0,0.0030173237658691347,0.0030173237658691347,0.0008451282125201575,0.04828538607872291,158.81833060410048,0.05388078153337741,0.028579579805104536,0.8773306123436261,0.04906507470034324,5.3407799477207005,2.8328699471968855,86.96291346523556,4.863436639846854
69,0.0008393414043714998,0.016419865399636545,0.035600599486671,0.052020464886307544,38.54687325716789,39.56821506147663,0.0016368059119627246,0.0015500879347469395,0.054447508025282886,0.09763910417735888,1.0213418054939432,39.568215062661835,0.14890863311826236,35.80032932335718,22.66444446700433,231.48144632447492,53.30978104724764,64.19967067664282,95.59885207101473,5.285980629067905,2.9952642433111505e-28,0.0,0.0030055562031822453,0.0030055562031822453,0.0008393414043714998,0.049014908683125295,163.80375561285015,0.05367064648539724,0.028351816689354336,0.890254465848157,0.049064876471034614,5.254915268981959,2.775938137149177,87.16518417823998,4.803962415628897
70,0.0008330506496075813,0.01662841085046724,0.03609729320191923,0.05272570405238647,39.56821506147663,40.60179401132216,0.0016227271672685376,0.0015367550819466505,0.05513280005424453,0.09763868181501806,1.0335789509115902,40.60179401238822,0.1478082363563249,36.08841086023213,22.69887728553576,234.61081771654966,53.34164362153353,63.91158913976787,94.46659273479138,5.355875470199405,1.2580109821906834e-28,0.0,0.0029938345339898345,0.0029938345339898345,0.0008330506496075813,0.049731869518396636,168.8602476296506,0.05346133096410419,0.028107952718758596,0.9029450030000752,0.04906466422865229,5.172447728057218,2.7194780518670685,87.36100925852841,4.747064961547302
71,0.0008262753482386458,0.01683134994268381,0.03658658334202987,0.05341793328471368,40.60179401132216,41.647353736401996,0.0016077602718612396,0.0015225811326580311,0.05580373609665773,0.09763823280815584,1.04555972603738,41.647353737359545,0.14675581421479458,36.36797448244105,22.731981256412542,237.67644094741604,53.372117065135086,63.63202551755895,93.3836971496595,5.424420863295232,5.283646125200871e-29,0.0,0.002982158579307274,0.002982158579307274,0.0008262753482386458,0.0504357747054064,173.9864526350151,0.053252831773344174,0.027848704709025042,0.9153937509579473,0.049064438597063234,5.093236708262453,2.6635211758366277,87.55059401792805,4.692648097972849
72,0.000819035797384221,0.017028533511473064,0.037068153931385746,0.05409668744285881,41.647353736401996,42.70463066429068,0.0015919479971564054,0.001507606592267059,0.056459912797484746,0.09763775843991469,1.0572769287475758,42.70463066514957,0.1457495827700881,36.639043500212196,22.763793280815907,240.6763344658576,53.40125303251036,63.360956499787804,92.34832973757773,5.491572324024303,2.2191313725843662e-29,0.0,0.0029705281608479756,0.0029705281608479756,0.000819035797384221,0.051126159282010836,179.1809721429546,0.05304514572942814,0.027574813522173447,0.9275927692749117,0.049064200221062663,5.01714775827598,2.608097535509253,87.73413512141187,4.640619584802905
73,0.0008113530785041612,0.017219824144264772,0.03754170683388284,0.05476153097814761,42.70463066429068,43.773354583035214,0.0015753342777308943,0.0014918730676967114,0.057100958306050734,0.09763726002833192,1.0687239195138867,43.77335458380457,0.1447878310843516,36.90165165444648,22.7943492356157,243.60866257855562,53.42910106477581,63.09834834555352,91.35873001957577,5.557288405665177,9.320351764854339e-30,0.0,0.0029589431010206687,0.0029589431010206687,0.0008113530785041612,0.05180258787712694,184.44236623851774,0.05283826966108337,0.027287040167838707,0.9395346599219839,0.04906394976298087,4.944052312885171,2.553235655121327,87.91182107623594,4.5908909557575726
74,0.0008032489439577283,0.017405096328016463,0.03800696213498635,0.05541205846300281,43.773354583035214,44.853249207306845,0.001557963988074264,0.0014754230559860895,0.05772653247539258,0.09763673891964222,1.0798946249598993,44.85324920799511,0.143868918137086,37.15584253411739,22.823684010289913,246.47173684495255,53.45570867855392,62.84415746588261,90.41320945853205,5.621530740696054,3.914547741238822e-30,0.0,0.0029474032229266883,0.0029474032229266883,0.0008032489439577283,0.052464655240076125,189.7691566569211,0.052632200409405146,0.026986161936286356,0.9512125747148903,0.0490636878993177,4.873827426575032,2.498962520281871,88.08383269341789,4.543377359725226
75,0.0007947457038179338,0.01758423654203761,0.0384636584356142,0.05604789497765181,44.853249207306845,45.944032745627666,0.001539882722841326,0.0014582997361851926,0.05833632692262583,0.09763619648168524,1.0907835389357483,45.94403274624259,0.14299126988704844,37.40166899230498,22.851831541163033,249.26401679633312,53.48112145104732,62.59833100769502,89.5101484360011,5.684264068146974,1.6441100513203056e-30,0.0,0.002935908350357274,0.002935908350357274,0.0007947457038179338,0.053111986627294536,195.15982989003234,0.05242693482780846,0.02667296859207297,0.962620220198437,0.04906341531742977,4.806355519350813,2.4453035492355477,88.25034352256935,4.4979974088442685
76,0.000785866113820942,0.017757143297775696,0.038911553059551234,0.05666869635732693,45.944032745627666,47.04541844311665,0.0015211365505018583,0.0014405467360562698,0.058930064925134674,0.09763563409651506,1.1013857206606499,47.04541846628832,0.14215337650077384,37.63919255199434,22.87882484185411,251.98410986314312,53.505383100287744,62.36080744800566,88.6479934004861,5.745456247114787,6.905262215545285e-31,0.0,0.002924458307790881,0.002924458307790881,0.000785866113820942,0.05374423804953605,200.61284030636807,0.052222469781980016,0.026348258106907184,0.9737518600599462,0.049063132711816615,4.741524136580884,2.392282523065813,88.411520305153,4.4546730352003125
77,0.0007766332559822394,0.01792372711984401,0.03935042216440206,0.05727414928424607,47.04541844311665,48.15711521487807,0.0015017719351539758,0.0014222080580295181,0.05950750131732767,0.09763505315805461,1.111696792878079,48.15711523599473,0.14135378952434957,37.868482866396334,22.904696037192636,254.63077126394276,53.52853556703026,62.131517133603666,87.82525395731933,5.805078254022831,2.9002101305290203e-31,0.0,0.0029130529203904966,0.0029130529203904966,0.0007766332559822394,0.05436109636385557,206.12661326835183,0.0520188021498303,0.026012835305345653,0.9846023146399608,0.04906284078294201,4.679225710021028,2.339921772914434,88.56752317247562,4.413329344588907
78,0.0007670704655016912,0.01808391050874509,0.03978006082175299,0.05786397133049808,48.15711521487807,49.27882813001849,0.00148183533560801,0.0014033276995274976,0.06006842207153954,0.09763445506006824,1.1217129343658248,49.27882814924389,0.14059111943892066,38.08961711041622,22.929476386473286,257.2029024094283,53.55061908553284,61.91038288958378,87.04050035338783,5.863104179599977,1.2180882548221887e-31,0.0,0.0029016920140009735,0.0029016920140009735,0.0007670704655016912,0.05496227931649711,211.6995482465517,0.05181592882144596,0.025667504920353027,0.9951669603928358,0.04906254023119007,4.619357344821987,2.2882418606383004,88.71850630441973,4.37389449011999
79,0.0007572011823642347,0.018237627809081645,0.04020028294135443,0.05843791075043607,49.27882813001849,50.41025898516604,0.0014613731509401057,0.001383949601403299,0.060612643889212205,0.0976338411945282,1.1314308726348337,50.41025900265332,0.13986403315584137,38.30267942895376,22.953196310350553,259.6995493117849,53.57167225608751,61.69732057104624,86.29236089975385,5.91951119328003,5.115970670253193e-32,0.0,0.0028903754151463697,0.0028903754151463697,0.0007572011823642347,0.0555475353352897,217.33002189831709,0.051613846699042315,0.025313070650212544,1.0054417235295345,0.04906223175604432,4.561820606754872,2.237261794992779,88.86461805555116,4.336299542701185
80,0.0007470488730280014,0.01838482506631348,0.0406109211744585,0.058995746240771973,50.41025898516604,51.52613481320321,0.0,0.0,0.05974279511379998,0.09759,1.1158758280371674,51.52613481320321,0.1409948949163539,37.97224543718782,22.916344379967693,255.71794760581363,53.538927551542955,62.02775456281218,87.45596736481093,5.974279511379998,2.1487076815063415e-32,0.0,0.0028791029510272987,0.0028791029510272987,0.0007470488730280014,0.056116643289744673,223.01639111459437,0.051412552696916046,0.0,1.0154230743352264,0.049040201005025125,4.607372200843444,0.0,90.99785556976907,4.394772229387488
81,0.0003137605266717606,0.018184430473090662,0.04045253858187811,0.05863696905496878,51.52613481320321,52.627866613880386,0.0,0.0,0.058950729581640535,0.09759,1.1017318006771775,52.627866613880386,0.142086058953207,37.65839710801656,22.880998706013226,252.0872390566815,53.50733231572921,62.34160289198344,88.5787266374778,5.895072958164054,9.024572262326635e-33,0.0,0.0028678744495182922,0.0028678744495182922,0.0003137605266717606,0.05576909460545049,228.62467662780662,0.051212043741398074,0.0,1.0014795559307543,0.049040201005025125,4.648322187842875,0.0,90.90048551881654,4.451192293340598
82,0.00013177942120213946,0.017986220180933973,0.04029477368140879,0.05828099386234276,52.627866613880386,53.71999205209157,0.0,0.0,0.058412773283544904,0.09759,1.092125438211184,53.71999205209157,0.14284327406480452,37.443419789323876,22.856590686519418,249.62264119528686,53.48540674889915,62.556580210676124,89.35786731590535,5.84127732835449,3.790320350177187e-33,0.0,0.002856689739165171,0.002856689739165171,0.00013177942120213946,0.055424304123177594,234.18028498224456,0.05101231677080662,0.0,0.9920729204353523,0.049040201005025125,4.670921030313221,0.0,90.83873387843526,4.490345091251526
83,5.534735690489858e-05,0.017790170380961794,0.040137624064051296,0.05792779444501309,53.71999205209157,54.80444549955942,0.0,0.0,0.057983141801917985,0.09759,1.0844534474678462,54.804445499559414,0.14345764879550627,37.27066325866483,22.836858082820285,247.65509477248358,53.46761720137118,62.72933674133517,89.99003159413509,5.798314180191799,1.5919345470744185e-33,0.0,0.002845548649182427,0.002845548649182427,5.534735690489858e-05,0.05508224579583066,239.69404429751813,0.05081336873540048,0.0,0.9845998777274206,0.049040201005025125,4.685620102370239,0.0,90.79226775722098,4.5221121404087885
84,2.3245889900057403e-05,0.017596257523809312,0.0399810873302015,0.05757734485401081,54.80444549955942,55.882067678134284,0.0,0.0,0.057600590743910864,0.09759,1.0776221785748619,55.882067678134284,0.1440120608404216,37.11603291655806,22.819105321387344,245.90373989562684,53.4515639053445,62.88396708344194,90.5604969350771,5.760059074391086,6.6861250977125585e-34,0.0,0.002834451009450615,0.002834451009450615,2.3245889900057403e-05,0.05474289384456019,245.17065827096417,0.050615196597332414,0.0,0.9779667809725044,0.049040201005025125,4.6969334525269515,0.0,90.75228780701693,4.550778740456141
85,9.763273758024111e-06,0.017404458316799792,0.03982516108961371,0.0572296194064135,55.882067678134284,56.9532397127138,0.0,0.0,0.05723938268017153,0.09759,1.0711720345795166,56.9532397127138,0.1445420321684824,36.969328230423784,22.80218245778438,244.25060176158303,53.436218303291,63.030671769576216,91.10581386519141,5.723938268017153,2.808172541039275e-34,0.0,0.0028233966505137576,0.0028233966505137576,9.763273758024111e-06,0.05440622275589974,250.6122568739299,0.050417797330602816,0.0,0.9717140362438887,0.049040201005025125,4.706788051127014,0.0,90.71503034760708,4.578181601265908
86,4.100574978370127e-06,0.017214749721146675,0.039669842961364214,0.05688459268251089,56.9532397127138,58.01814943617399,0.0,0.0,0.05688869325748926,0.09759,1.0649097234601905,58.01814943617399,0.14506271269225035,36.82623930710344,22.785600777509476,242.64607822851897,53.42114172142403,63.17376069289656,91.64157097082631,5.688869325748926,1.1794324672364955e-34,0.0,0.0028123854035767538,0.0028123854035767538,4.100574978370127e-06,0.05407220727893414,256.01988765932117,0.05022116792101346,0.0,0.9656483545341519,0.049040201005025125,4.716002381669574,0.0,90.67889354944468,4.6051040688857405
87,1.7222414909154535e-06,0.017027108949186177,0.039515130573814894,0.05654223952300107,58.01814943617399,59.07690324011638,0.0,0.0,0.05654396176449198,0.09759,1.0587538039423818,59.07690324011637,0.14558055063467829,36.6849467289292,22.769152909390776,241.06927255363203,53.40614744801353,63.3150532710708,92.17440318666476,5.654396176449198,4.953616362393282e-35,0.0,0.0028014171005028045,0.0028014171005028045,1.7222414909154535e-06,0.053740822422498266,261.39414212572007,0.05002530536612151,0.0,0.9596882975712353,0.049040201005025125,4.724923318324524,0.0,90.64319712455666,4.631879557118826
88,7.233414261844906e-07,0.016841513461640048,0.03936102156457701,0.05620253502621706,59.07690324011638,60.12957305482932,0.0,0.0,0.05620325836764325,0.09759,1.05266981471294,60.12957305482932,0.1460982885783439,36.544682754096534,22.752750913632045,239.5113408846277,53.391156070120225,63.455317245903466,92.70713250822365,5.620325836764325,2.0805188722051783e-35,0.0,0.0027904915738108434,0.0027904915738108434,7.233414261844906e-07,0.053412043452406216,266.7354188051033,0.04983020667519363,0.0,0.9537994070327215,0.049040201005025125,4.733697687416085,0.0,90.60765243779882,4.658649874785119
89,3.0380339899748606e-07,0.01665794096490817,0.03920751358047516,0.05586545454538333,60.12957305482932,61.17621608349118,0.0,0.0,0.05586575834878233,0.09759,1.0466430286618524,61.17621608349118,0.1466170930742044,36.405123502636954,22.73635749940551,237.96850073916457,53.37613380964029,63.594876497363046,93.24095926456411,5.586575834878233,8.738179263261751e-36,0.0,0.002779608656672981,0.002779608656672981,3.0380339899748606e-07,0.05308584588871035,272.04403377431424,0.049635868869160375,0.0,0.9479669587876669,0.049040201005025125,4.742387567671522,0.0,90.57213709240061,4.685475339927854
90,1.2759742757894415e-07,0.01647636940839067,0.039054604277511305,0.05553097368590197,61.17621608349118,62.21688309312709,0.0,0.0,0.055531101283329554,0.09759,1.0406670096359099,62.21688309312709,0.14713746074923692,36.26613237360204,22.719956845833053,236.43909549810022,53.36106628647501,63.73386762639796,93.77639446276191,5.553110128332955,3.670035290569936e-36,0.0,0.0027687681829119564,0.0027687681829119564,1.2759742757894415e-07,0.05276220550299002,277.320267084356,0.049442288980570646,0.0,0.9421845196503142,0.049040201005025125,4.751019156249475,0.0,90.53659921245597,4.712381631294571
91,5.359091958315655e-08,0.016296776981839213,0.03890229132082901,0.05519906830266822,62.21688309312709,63.251621899374754,0.0,0.0,0.055199121893587805,0.09759,1.0347388062476643,63.251621899374754,0.147659603535752,36.12765176570099,22.703542230976716,234.92236185674338,53.34594736401119,63.87234823429901,94.31365617174082,5.519912189358781,1.541414822039373e-36,0.0,0.0027579699869986,0.0027579699869986,5.359091958315655e-08,0.05244109831566962,282.5643822750149,0.049249464053546424,0.0,0.936449141189093,0.049040201005025125,4.75960346284322,0.0,90.50101683003413,4.739379707122666
92,2.2508186224925753e-08,0.016119142112737166,0.03875057238467777,0.05486971449741494,63.251621899374754,64.28047883262266,0.0,0.0,0.05486973700560117,0.09759,1.0288569332479032,64.28047883262266,0.14818361239430478,35.98965738973125,22.68711078827145,233.41791229876503,53.33077440843762,64.01034261026875,94.85283798586715,5.4869737005601165,6.473942252565367e-37,0.0,0.0027472139040493056,0.0027472139040493056,2.2508186224925753e-08,0.05212250059336564,287.7766345851701,0.0490573911437376,0.0,0.9307593410991404,0.049040201005025125,4.768145070362005,0.0,90.46538065899138,4.766474270646615
93,9.453438214468818e-09,0.01594344346370833,0.03859944515237753,0.05454288861608586,64.28047883262266,65.30349935629776,0.0,0.0,0.05454289806952407,0.09759,1.0230205236750978,65.30349935629776,0.14870952688515146,35.852138992710316,22.670661284252933,231.9255177907726,53.31554627426642,64.14786100728969,95.39398061088505,5.454289806952407,2.7190557460774543e-37,0.0,0.0027364997698235134,0.0027364997698235134,9.453438214468818e-09,0.05180638884626235,292.95727441514015,0.04886606731827702,0.0,0.9251142553517957,0.049040201005025125,4.776645843108857,0.0,90.42968678950997,4.79366736738117
94,3.970444050076904e-09,0.01576965992995391,0.03844890731628326,0.05421856724623717,65.30349935629776,66.32072832902924,0.0,0.0,0.05421857121668122,0.09759,1.0172289727314754,66.32072832902924,0.14923736472924415,35.71509222578303,22.654193176794738,230.44501653291266,53.300262448377744,64.28490777421698,95.9371022808664,5.421857121668122,1.142003413352531e-37,0.0,0.002725827420721202,0.002725827420721202,3.970444050076904e-09,0.05149273982551597,298.1065487947361,0.048675489655735746,0.0,0.9195132820707146,0.049040201005025125,4.785106496232774,0.0,90.39393359015587,4.820959913611366
95,1.6675865010323e-09,0.015597770636717414,0.03829895657774975,0.053896727214467165,66.32072832902924,67.33221011721379,0.0,0.0,0.053896728882053664,0.09759,1.0114817881845548,67.33221011721379,0.14976713436823003,35.57851521371038,22.637706216021183,228.97627563777698,53.284922686338795,64.42148478628962,96.48221168189124,5.389672888205366,4.79641433608063e-38,0.0,0.002715196693780389,0.002715196693780389,1.6675865010323e-09,0.051181530520686774,303.22470201356344,0.048485655246078375,0.0,0.9139559319334513,0.049040201005025125,4.793527259952177,0.0,90.35812039422414,4.848352345823676
96,7.003863304335662e-10,0.015427754936777194,0.038149590647096526,0.05357734558387372,67.33221011721379,68.33798864472347,0.0,0.0,0.05357734628426005,0.09759,1.005778527509669,68.33798864472345,0.15029884030091092,35.442407107889196,22.621200275195267,227.51917503287058,53.26952685788508,64.5575928921108,97.02931344302584,5.357734628426005,2.0144940211538647e-38,0.0,0.0027046074266746456,0.0027046074266746456,7.003863304335662e-10,0.050872738157199074,308.31197589932196,0.04829656119061867,0.0,0.9084417653140251,0.049040201005025125,4.801908160656609,0.0,90.32224694270896,4.875844896634431
97,2.941622587820978e-10,0.015259592407966323,0.03800080724357285,0.05326039965153917,68.33798864472347,69.33810741618746,0.0,0.0,0.05326039994570143,0.09759,1.0001187714639792,69.33810741618744,0.15083248535060148,35.306767476170094,22.604675279061453,226.07360069437004,53.25407488126519,64.6932325238299,97.57841046933629,5.326039994570142,8.460874888846232e-39,0.0,0.0026940594577106146,0.0026940594577106146,2.941622587820978e-10,0.05056634019382855,313.3686099481211,0.048108204601975256,0.0,0.9029703658569788,0.049040201005025125,4.810249139865079,0.0,90.286313148108,4.903437712026924
98,1.235481486884811e-10,0.01509326285071949,0.037852604095322914,0.052945866946042405,69.33810741618746,70.33260952914945,0.0,0.0,0.052945867069590556,0.09759,0.9945021129619993,70.33260952914945,0.1513680716285649,35.171596045688204,22.58813117348901,224.63944179897553,53.23856669534682,64.8284039543118,98.12950493321807,5.2945867069590555,3.553567453315418e-39,0.0,0.0026835526258255434,0.0026835526258255434,1.235481486884811e-10,0.05026231432021686,318.39484139249754,0.04792058260402756,0.0,0.8975413293529466,0.049040201005025125,4.818550104564599,0.0,90.25031899426868,4.931130901166721
99,5.189022244916207e-11,0.014928746285646647,0.03770497893935115,0.0526337252249978,70.33260952914945,71.32153768152747,0.0,0.0,0.05263372527688802,0.09759,0.9889281523780254,71.32153768152747,0.1519056009434589,35.03689259461184,22.57156791261399,223.21658952096413,53.22300224775937,64.96310740538816,98.68259869569953,5.2633725276888015,1.4924983303924756e-39,0.0,0.0026730867705848237,0.0026730867705848237,5.189022244916207e-11,0.049960638454412974,323.3909052431279,0.04773369233187185,0.0,0.8921542590411284,0.049040201005025125,4.826810948509157,0.0,90.21426449391802,4.958924557572826
