Age(yr),LOM (g/cm2),ROM_cellulose (g/cm2),ROM_lignin(g/cm2),ROM (g/cm2),dt (cm),db (cm),rt (g/cm2),frp (g/cm2),TOM (g/cm2),wi_t (g/cm2),V(cm3),db_corr (cm),BD (g/cm3),AFDW or OM %,OC Density (mg/cm3),C_Seq (g/m2/yr),OM Density (mg/cm3),Inorganic Matter(%),Inorganic Matter Density (mg/cc),Necro_Mass (Mg/ha),LOM_A (g/cm2),ROM_A_cell (g/cm2),ROM_A_lig(g/cm2),ROM_A (g/cm2),LOM_Nr (g/cm2),ROM_Nr (g/cm2),Cumulative Nr (Mg/ha),Vol cont to cohort from litter,Vol cont to cohort from live root,Vol cont to cohort from necro root,Vol cont to cohort from inorganic,Vol cont % to cohort from litter,Vol cont % to cohort from live root,Vol cont %to cohort from necro root,Vol cont % to cohort from inorganic
0,0.0925406,0.0,0.0102494,0.0102494,0.0,2.3746935330080694,0.01811048280175373,0.03668368843909227,0.12017606348968358,0.4104044193120701,2.374693562206062,2.374693562206062,0.22343113707220852,22.649921620766854,20.36630901196208,483.6374289660565,50.60697742324338,77.35007837923314,172.8241596489651,10.279,0.0925406,0.0,0.0102494,0.0102494,0.0,0.0,0.0,1.8547455792132805,0.3137146064540523,0.0,0.2062333765387287,78.10462826581481,13.210740596046218,0.0,8.68463113813895
1,0.06930568453172768,0.009170922109773067,0.02524973960002783,0.0344206617098009,2.3746935330080694,4.735868159924525,0.016356726815750986,0.03313136800164441,0.11942880398464951,0.41033426907263004,2.361174739825596,4.735868272833665,0.224364196398446,22.543814406584076,20.34317192575994,480.33783679033587,50.580248030889464,77.45618559341592,173.78394836755655,10.372634624152857,0.058300578,0.0,0.01020942734,0.01020942734,0.011005106531727683,0.024211234369800896,3.5216340901528578,1.2361964153735114,0.2833355781869532,0.6354446211030058,0.20619812516212566,52.355143163390814,11.999771698721515,26.912223410874784,8.73286172701289
2,0.05360199165548176,0.017353801059187643,0.03873512649626193,0.05608892755544957,4.735868159924525,7.188200917684745,0.015407211361005379,0.031208076972284445,0.1244818421174965,0.4102962884544402,2.452332812746184,7.188200972670709,0.21806914942066072,23.277287346130844,20.500012859497964,502.7285419706557,50.76058252391063,76.72271265386915,167.30856689675008,10.969091921093133,0.03672936414,0.0,0.010169610573374,0.010169610573374,0.016872627515481763,0.045919316982075575,9.800828539908593,0.8462463860226271,0.26688781859554606,1.1330195687036693,0.20617903942434182,34.507811567181996,10.883017884374281,46.20170487524022,8.407465673203522
3,0.043131677834638844,0.02496666387071361,0.05137937106156313,0.07634603493227674,7.188200917684745,9.80740491971718,0.014846621432255618,0.030072574042105366,0.13373046934188096,0.4102738648572902,2.619204027905081,9.807404945589827,0.2076983420929916,24.58261100782324,20.762491573652174,543.8120155905508,51.05767550641813,75.41738899217677,156.6406665865735,11.947771276691558,0.0231394994082,0.0,0.010129949092137842,0.010129949092137842,0.019992178426438845,0.0662160858401389,18.42165496656637,0.6003148412186546,0.257177130547914,1.5555442848534418,0.20616777128507047,22.919743358015708,9.818904056650071,59.38996230460189,7.871390280732339
4,0.036194729248454086,0.032212670745049174,0.06350874687168623,0.0957214176167354,9.80740491971718,12.64313272089271,0.01439018654419416,0.02914804235459248,0.14573072594761588,0.41025560746176776,2.8357278126584458,12.643132732375626,0.19606477424508387,26.211206497464655,21.063862519405376,597.3138078829163,51.39094284616684,73.78879350253534,144.67383139891703,13.19161468651895,0.014577884627165999,0.0,0.010090442290678504,0.010090442290678504,0.021616844621288087,0.0856309753260569,29.146436961300864,0.4451159674818568,0.2492706438546805,1.935182604607452,0.20615859671445616,15.696709870915583,8.790358607125752,68.24288974311861,7.270041778840052
5,0.03154709213290382,0.03914856322257626,0.07521176012426957,0.11436032334684583,12.64313272089271,15.72209169933349,0.013858102067609037,0.028070278643045486,0.15921119346465432,0.4102343240827043,3.0789590430982554,15.722091763990965,0.18494741553117391,27.958986164363537,21.359937309518973,657.6637213915525,51.70942231970886,72.04101383563646,133.23799321146507,14.590741547974964,0.00918406731511458,0.0,0.010051089565744858,0.010051089565744858,0.02236302481778924,0.10430923378110098,41.81366282118989,0.34707969831936913,0.2400537348412969,2.285677708388492,0.20614790154909765,11.272631219222529,7.796587466124223,74.23540477136356,6.695376543289702
6,0.02829575163664305,0.04573941354421155,0.08642724850343357,0.13216666204764513,15.72209169933349,19.051558298908706,0.013159050881565687,0.026654315513155377,0.17309510253059124,0.4102063620352626,3.329466627796786,19.051558327130277,0.17519366606531894,29.675067361509953,21.627403134202158,720.0771698123373,51.988838417982194,70.32493263849005,123.20482764733676,16.046241368428817,0.005785962408522185,0.0,0.010011890316438453,0.010011890316438453,0.022509789228120865,0.12215477173120667,56.28011891712264,0.2850568878556593,0.2279445840184601,2.6103313056536908,0.20613385026897618,8.561638235860334,6.846279284357876,78.40088511056888,6.191197369212903
7,0.02582261818503174,0.05190443281486849,0.09701845159466388,0.14892288440953239,19.051558298908706,22.623381163627748,0.012272885817694224,0.024859343868030535,0.18652747297955058,0.4101709154327078,3.5718228762232886,22.623381175131996,0.16705710475856084,31.25992571823052,21.856989997906958,780.6929687990772,52.221926854552656,68.74007428176948,114.83517790400818,17.47455025945641,0.0036451563173689767,0.0,0.009972843944204342,0.009972843944204342,0.022177461867662764,0.13895004046532805,72.39286915042172,0.2457235702196557,0.2125941967698747,2.9073890713278745,0.20611603790588331,6.879500432548733,5.951980379124057,81.39790723335192,5.77061195497529
8,0.023726052616979156,0.05755351046419406,0.10683241061933721,0.16438592108353128,22.623381163627748,26.418294575402687,0.011229520084602655,0.022745954407366906,0.198892312981729,0.4101291808033841,3.7949134161765548,26.418294579804304,0.160483633483979,32.65768367970049,22.04742261541457,836.6805987535114,52.41023738088776,67.34231632029952,108.07339610309127,18.811197370051044,0.002296448479942455,0.0,0.009933949852821944,0.009933949852821944,0.0214296041370367,0.15445197123070933,89.98102668719633,0.22068564295857812,0.19452073766182873,3.173611969825804,0.20609506573034378,5.815301134878671,5.125828084315346,83.62804685602752,5.430823924778457
9,0.021771199470906943,0.06261266580197608,0.11574160552494223,0.1783542713269183,26.418294575402687,30.41015317752521,0.010086270959940677,0.020430246142907837,0.2098082909193683,0.4100834508383976,3.9918586415930877,30.410153216995774,0.15528900129348694,33.84595676729547,22.201441642756205,886.2501667746097,52.5590482421585,66.15404323270454,102.72995305132845,20.012547079782525,0.0014467625423637467,0.0,0.009895207448395938,0.009895207448395938,0.020324436928543195,0.16845906387852236,108.85937676790289,0.2046548175885905,0.174717071843072,3.4064146663129837,0.206072085848441,5.126805229428565,4.3768351419714895,85.33405043004072,5.1623091985592175
10,0.019844929509543727,0.0670377492804615,0.12366661418198716,0.19070436346244865,30.41015317752521,34.56966350306888,0.008907883182829283,0.018043362780979854,0.2191008608275085,0.41003631532731316,4.159510341695682,34.56966351922089,0.15125270151350212,34.82561023759799,22.323493643700324,928.5480267374925,52.67467630292972,65.174389762402,98.57802521057238,21.054929297199237,0.0009114604016891605,0.0,0.009856616139347194,0.009856616139347194,0.018933469107854567,0.18084774732310147,128.8374984109985,0.19429946844165202,0.1543047249281146,3.6048577486639486,0.20604839966196642,4.671210130047259,3.7096848487509746,86.6654354126303,4.953669608571474
11,0.017915314425306507,0.07081787850854943,0.13058209312687913,0.20139997163542855,34.56966350306888,38.86730940123109,0.007752432082270908,0.015702938804243838,0.22675762085971513,0.40999009728329083,4.297645904570427,38.86730940763931,0.1481619780414766,35.61184663857532,22.418475000881386,963.4666727425247,52.76321639681029,64.38815336142468,95.39876164466632,21.931528606073506,0.0005742200530641711,0.0,0.00981817533640374,0.00981817533640374,0.017341094372242336,0.1915817962990248,149.7297874781252,0.18752066743897353,0.13428969323313014,3.7698103693841056,0.2060251745142165,4.3633345231990965,3.1247267972988837,87.718031059167,4.793907620334995
12,0.015997529729216253,0.0739716983338672,0.13651102787342428,0.21048272620729147,38.86730940123109,43.2753634067798,0.006663952656642391,0.013498169303661996,0.2328776504868844,0.4099465581062657,4.408054008033212,43.2753634092643,0.14582947654944134,36.227268259941184,22.491086232461765,991.4192281202367,52.830035671634135,63.772731740058816,92.99944087780722,22.64802559365077,0.0003617586334304278,0.0,0.009779884452591765,0.009779884452591765,0.015635771095785827,0.2007028417546997,171.36364876317376,0.1829960859982352,0.11543476272783644,3.903619863776354,0.20600329553078678,4.151402992448463,2.6187238749223307,88.55653439505096,4.67333873757825
13,0.014127894520504839,0.07653994914794354,0.14151288427921935,0.2180528334271629,43.2753634067798,47.76905029558491,0.005670628517987102,0.011486141594608774,0.23762453132493533,0.40990682514071947,4.493686889752988,47.76905029653279,0.14409801402546074,36.696992192306126,22.54553052849281,1013.1255495841388,52.879636956191504,63.303007807693874,91.21837706926922,23.218072794766773,0.00022790793906116952,0.0,0.009741742903226658,0.009741742903226658,0.013899986581443669,0.20831109052393623,193.58475647371174,0.1798926532350745,0.0982281374461858,4.009582769855285,0.20598332921644194,4.003230702283375,2.1859141470265024,89.22701710700824,4.583838043681868
14,0.012346416026300683,0.07857719910088315,0.14567030208432,0.22424750118520315,47.76905029558491,52.327035910891176,0.004786494169206242,0.009695283264435705,0.24118895161394183,0.40987145976676825,4.557985615664197,52.32703591124911,0.14283950549190927,37.04555635665976,22.58540469508258,1029.4394972414111,52.91568950657936,62.95444364334024,89.92381598532991,23.65939172115038,0.0001435820016085368,0.0,0.009703750105904074,0.009703750105904074,0.012202834024692147,0.21454375107929907,216.2594149841109,0.17768553062996412,0.08291292678523984,4.091421600577251,0.20596555767174285,3.89833460683424,1.8190695139602284,89.76381115632462,4.518784722880904
15,0.010686827075900142,0.08014452844679244,0.14907725404460978,0.22922178249140224,52.327035910891176,56.861822788611896,0.0,0.0,0.23990860956730237,0.40968,4.53478687772072,56.861822788611896,0.1432456755043358,36.93239167588052,22.57250750152387,1023.6151081516296,52.90405393602214,63.06760832411948,90.34162156831367,23.990860956730238,9.045666101337819e-05,0.0,0.009665905480491049,0.009665905480491049,0.010596370414886763,0.2195558770109112,239.27463972669068,0.17604406606828632,0.0,4.152873464918765,0.20586934673366833,3.882080256807346,0.0,91.57813976488544,4.5397799783072195
16,0.0067327010578170894,0.07927095308672241,0.1484958527538358,0.22776680584055822,56.861822788611896,61.29900766941946,0.0,0.0,0.23449950689837532,0.40968,4.437184880807565,61.29900766941946,0.14517752228100425,36.40282008154127,22.51153087323802,998.8782443456444,52.84871223479347,63.59717991845873,92.32881004621078,23.449950689837532,5.6987696438428264e-05,0.0,0.009628208449117133,0.009628208449117133,0.006675713361378661,0.2181385973914411,261.75607080197267,0.17475994488552077,0.0,4.056555589188375,0.20586934673366833,3.938531965197595,0.0,91.42182933901289,4.639638695789485
17,0.004241601666424766,0.07840689969807714,0.14791671892809585,0.226323618626173,61.29900766941946,65.66520217480699,0.0,0.0,0.23056522029259777,0.40968,4.3661945053875435,65.665202174807,0.14663689844842795,36.0120174247029,22.46585756097915,980.9030384156644,52.80690542029176,63.9879825752971,93.82999302813617,23.056522029259778,3.590224875620981e-05,0.0,0.009590658436165576,0.009590658436165576,0.004205699417668556,0.21673296019000743,283.84993676274024,0.17370192502565474,0.0,3.9866232336282206,0.20586934673366833,3.978336851721106,0.0,91.3065881217394,4.71507502653951
18,0.0026722090498476027,0.0775522644913681,0.14733984372427628,0.22489210821564437,65.66520217480699,69.9772483036679,0.0,0.0,0.22756431726549198,0.40968,4.312046128860914,69.9772483036679,0.14778235163124956,35.710686011607535,22.43023700870528,967.202166628204,52.7740915716053,64.28931398839246,95.00826005964426,22.7564317265492,2.2618416716412177e-05,0.0,0.00955325486826453,0.00955325486826453,0.0026495906331311905,0.21533885334737984,305.6487811607914,0.17278732019092283,0.0,3.9333894619363234,0.20586934673366833,4.0070842246895655,0.0,91.21863135020268,4.7742844251077505
19,0.0016834917014039896,0.07670694480841218,0.14676521833375158,0.22347216314216378,69.9772483036679,74.24583246172543,0.0,0.0,0.22515565484356778,0.40968,4.268584158057519,74.24583246172543,0.1487227688003365,35.466762637812025,22.401138905367564,956.2114665389798,52.74715139879731,64.53323736218798,95.97561740153918,22.515565484356777,1.4249602531339672e-05,0.0,0.009515997174278298,0.009515997174278298,0.00166924209887265,0.21395616596788547,327.21132196746714,0.17196403422608514,0.0,3.890750777097765,0.20586934673366833,4.028596552359879,0.0,91.1485081008291,4.822895346811018
20,0.0010605997718845135,0.07587083911000049,0.14619283398224994,0.22206367309225045,74.24583246172543,78.47776230763151,0.0,0.0,0.22312427286413497,0.40968,4.231929845906079,78.47776230763151,0.14953089864575672,35.25960276062175,22.37623739741369,946.9466688119478,52.72400086688175,64.74039723937824,96.80689777887495,22.3124272864135,8.977249594743994e-06,0.0,0.009478884785298613,0.009478884785298613,0.0010516225222897695,0.21258478830695182,348.57496305039126,0.17119924278046478,0.0,3.854861256391945,0.20586934673366833,4.0454177884371365,0.0,91.08991398146863,4.864668230094221
21,0.0006681778562872435,0.07504384696370149,0.14562268192971917,0.22066652889342064,78.47776230763151,82.67740117348657,0.0,0.0,0.2213347067497079,0.40968,4.199638865855067,82.67740117348657,0.15025451637761966,35.075998131609374,22.35401979765727,938.7881035033503,52.70327135727257,64.92400186839063,97.55124502034708,22.13347067497079,5.655667244688717e-06,0.0,0.009441917134635948,0.009441917134635948,0.0006625221890425549,0.2112246117587847,369.76367644517404,0.1704722627549736,0.0,3.823297256366425,0.20586934673366833,4.059212427549163,0.0,91.03871495836306,4.902072614087791
22,0.0004209520494609634,0.07422586903179715,0.14505475347019325,0.2192806225019904,82.67740117348657,86.8475717571645,0.0,0.0,0.21970157455145137,0.40968,4.170170583677938,86.84757175716452,0.15092465929687676,34.90753200203368,22.33351030416997,931.3454770071787,52.68407374301755,65.09246799796631,98.2405855538592,21.970157455145138,3.5630703641538914e-06,0.0,0.009405093657810868,0.009405093657810868,0.0004173889790968095,0.20987552884417954,390.79296822750166,0.1697700600536814,0.0,3.7945311768905876,0.20586934673366833,4.071057925499787,0.0,90.99222923259774,4.936712841902479
23,0.00026519979116040697,0.07341680705935055,0.1444890399316595,0.21790584699101007,86.8475717571645,90.99012545579586,0.0,0.0,0.21817104678217047,0.40968,4.142553698631367,90.99012545579586,0.15156135380685673,34.748854509414194,22.31408270797999,924.3728585350859,52.66583432684314,65.2511454905858,98.89551948001359,21.81710467821705,2.2447343294169513e-06,0.0,0.009368413792545405,0.009368413792545405,0.00026295505683099,0.20853743319846466,411.67300705303126,0.1690844194672469,0.0,3.767599932430452,0.20586934673366833,4.081647016986397,0.0,90.94872888854056,4.969624094473036
24,0.00016707586843105638,0.07261656386240363,0.14392553267592603,0.21654209653832968,90.99012545579586,95.10630105310261,0.0,0.0,0.21670917240676074,0.40968,4.116175597306761,95.10630105310263,0.1521774660965899,34.596570623036804,22.295336467917753,917.7151990298664,52.64818453045461,65.4034293769632,99.52928156613528,21.670917240676076,1.4141826275326792e-06,0.0,0.009331876978754478,0.009331876978754478,0.0001656616858035237,0.2072102195595752,432.4105951775691,0.1684101616994228,0.0,3.741896088873669,0.20586934673366833,4.091423160120152,0.0,90.90710540439565,5.001471435484189
25,0.00010525779711156551,0.07182504331630343,0.14336422309848992,0.21518926641479336,95.10630105310261,99.19695069958195,0.0,0.0,0.21529452421190493,0.40968,4.090649646479337,99.19695069958195,0.15278123971086022,34.44852803934562,22.277015919446892,911.2746729549993,52.63088820065552,65.55147196065438,100.15035151020471,21.52945242119049,8.90935055345588e-07,0.0,0.009295482658537335,0.009295482658537335,0.00010436686205621993,0.20589378375625603,453.0104102394004,0.16774402009369688,0.0,3.7170362796519716,0.20586934673366833,4.100669443497016,0.0,90.8666495760907,5.0326809804122945
26,6.631241218028628e-05,0.07104215034415573,0.14280510262840582,0.21384725297256155,99.19695069958195,103.2626822871085,0.0,0.0,0.21391356538474182,0.40968,4.065731587526556,103.2626822871085,0.15337794735340937,34.30336316135053,22.258958085983334,904.989489956121,52.61379429006505,65.69663683864947,100.76415306334432,21.39135653847418,5.612890848677205e-07,0.0,0.00925923027616904,0.00925923027616904,6.575112309541856e-05,0.2045880226963925,473.4757876213492,0.16708393297101964,0.0,3.6927783078218686,0.20586934673366833,4.109566245927894,0.0,90.82690847450708,5.063525279565044
27,4.1776819673580354e-05,0.07026779090540443,0.14224816272815505,0.21251595363355946,103.2626822871085,107.30394915194454,0.0,0.0,0.21255773045323303,0.40968,4.041266864836033,107.30394915194454,0.1539709579358549,34.16021241566429,22.241059159986644,898.8205542211196,52.59680628932115,65.83978758433571,101.37415164653376,21.255773045323302,3.5361212346666393e-07,0.0,0.00922311927809198,0.00922311927809198,4.142320755011369e-05,0.2032928343554675,493.809213377651,0.16642859780251618,0.0,3.6689689202998483,0.20586934673366833,4.118228351872742,0.0,90.78759317342706,5.094178474700188
28,2.6319396394355623e-05,0.06950187198453552,0.14169339489351523,0.21119526687805074,107.30394915194454,111.3211065945722,0.0,0.0,0.2112215862744451,0.40968,4.017157442627662,111.3211065945722,0.15456242259409855,34.01852901388512,22.22325305281469,892.7430640051248,52.579862574737156,65.98147098611489,101.98256001936142,21.12215862744451,2.2277563778399828e-07,0.0,0.009187149112907422,0.009187149112907422,2.6096620756571626e-05,0.20200811776514332,514.012634816241,0.165777190338239,0.0,3.645510905555754,0.20586934673366833,4.126728730597189,0.0,90.7485195096359,5.124751759766906
29,1.658121972844404e-05,0.06874430157990408,0.14114079065343052,0.2098850922333346,111.3211065945722,115.31444749404969,0.0,0.0,0.20990167345306304,0.40968,3.993340899477498,115.3144474940497,0.15515371440843692,33.877966771230575,22.205497699278336,886.7412215578174,52.56292381162025,66.12203322876942,102.59079059681667,20.990167345306304,1.403486518039189e-07,0.0,0.009151319231367083,0.009151319231367083,1.644087107664012e-05,0.2007337730019675,534.0876562035453,0.16512918765822607,0.0,3.6223423650856037,0.20586934673366833,4.13511372594892,0.0,90.70957016365827,5.155316110392803
30,1.0446168428919745e-05,0.06799498869268313,0.14059034156988215,0.20858533026256526,115.31444749404969,119.28422475184423,0.0,0.0,0.20859577643099417,0.40968,3.969777257794552,119.28422475184423,0.1557457097163391,33.73830649408849,22.187766326088425,880.804901625655,52.54596489549184,66.26169350591151,103.19974482084726,20.859577643099417,8.841965063646892e-08,0.0,0.009115629086364752,0.009115629086364752,1.0357748778283276e-05,0.1994697011762005,554.0356620960432,0.16448425669461184,0.0,3.5994236543662717,0.20586934673366833,4.143412741146909,0.0,90.67067043368489,5.185916825168197
31,6.581086110219439e-06,0.06725384331593288,0.1400420392377596,0.20729588255369247,119.28422475184423,123.23066543816293,0.0,0.0,0.20730246363980268,0.40968,3.946440686318704,123.23066543816294,0.15633896786507437,33.59940936033262,22.170041890179746,874.927553327955,52.528969802705205,66.40059063966737,103.80999806236915,20.730246363980267,5.570437990097542e-08,0.0,0.00908007813292793,0.00908007813292793,6.525381730318464e-06,0.19821580442076453,573.8578950762927,0.16384218400050216,0.0,3.576729155584534,0.20586934673366833,4.151644406274771,0.0,90.63177277652075,5.216582817204487
32,4.146084249438247e-06,0.06652077642378922,0.13949587528473234,0.20601665170852157,123.23066543816293,127.15397971078565,0.0,0.0,0.20602079779277102,0.40968,3.9233142726227164,127.15397971078565,0.15693384598047447,33.461187403254314,22.152313538219286,869.104878761092,52.511928302661055,66.53881259674569,104.42191767781341,20.6020797792771,3.509375933761452e-08,0.0,0.00904466582820951,0.00904466582820951,4.110990490100633e-06,0.19697198588031206,593.5555047633729,0.16320283150430978,0.0,3.554242094384738,0.20586934673366833,4.159820502862991,0.0,90.59284695051322,5.2473325466237934
33,2.6120330771460956e-06,0.06579569996076991,0.13895184137112188,0.20474754133189177,127.15397971078565,131.05436644050323,0.0,0.0,0.2047501533649689,0.40968,3.9003867297175896,131.05436644050323,0.15753057220801753,33.32358482793214,22.134574353626654,863.3340007683252,52.494833859665604,66.67641517206786,105.03573834835191,20.47501533649689,2.2109068382697147e-08,0.0,0.009009391631479492,0.009009391631479492,2.5899240087633984e-06,0.19573814970041228,613.1295787258151,0.162566108634931,0.0,3.5319512743489905,0.20586934673366833,4.167948459990318,0.0,90.55387373355985,5.278177806449835
34,1.6455808386020402e-06,0.06507852683119751,0.1384099291897745,0.203488456020972,131.05436644050323,134.93201676164705,0.0,0.0,0.20349010160181058,0.40968,3.8776503211438196,134.93201676164705,0.1581292924373179,33.18656618615694,22.1168199232511,857.6129387807463,52.47768229441217,66.81343381384306,105.65161014290574,20.34901016018106,1.3928713081099202e-08,0.0,0.008974255004116723,0.008974255004116723,1.631652125520941e-06,0.19451420101685526,632.5811619927132,0.16193195476055222,0.0,3.5098490196495993,0.20586934673366833,4.176032941329943,0.0,90.51484092083561,5.3091261378344585
35,1.0367159283192854e-06,0.06436917088873746,0.13787013046593438,0.20223930135467183,134.93201676164705,138.78711631535654,0.0,0.0,0.20224033807060016,0.40968,3.8550995537094925,138.78711631535654,0.15873010010384608,33.050108892975985,22.099047425652845,851.9402786803921,52.460470930250914,66.94989110702402,106.26962917359516,20.224033807060017,8.775089241092498e-09,0.0,0.008939255409600668,0.008939255409600668,1.027940839078193e-06,0.19330004594507116,651.9112693813042,0.16130032812504347,0.0,3.4879298788507804,0.20586934673366833,4.184076853990332,0.0,90.47574077547723,5.34018237053242
36,6.531310348411497e-07,0.06366754692605023,0.13733243695711725,0.20099998388316748,138.78711631535654,142.6198466692032,0.0,0.0,0.20100063701420232,0.40968,3.832730353846666,142.6198466692032,0.15933305519426913,32.9141984912038,22.081255051232255,846.31496485888,52.44319804874104,67.08580150879621,106.88985714552811,20.100063701420233,5.5283062218882735e-09,0.0,0.008904392313503226,0.008904392313503226,6.476027286192614e-07,0.19209559156966424,671.1208932985436,0.160671198877832,0.0,3.4661898082351654,0.20586934673366833,4.192081989712023,0.0,90.43656840498505,5.371349605302926
37,4.114725519499243e-07,0.06297357066455628,0.1367968404529845,0.19977041111754076,142.6198466692032,146.4303862178512,0.0,0.0,0.1997708225900927,0.40968,3.8105395486480083,146.4303862178512,0.15993819636548057,32.77882565505298,22.063441633449802,840.7361692354718,52.425862542477155,67.22117434494703,107.51233382300343,19.977082259009272,3.4828329197896122e-09,0.0,0.008869665183480563,0.008869665183480563,4.079897190301347e-07,0.1909007459340602,690.2110086909214,0.1600445446826684,0.0,3.4446256572316716,0.20586934673366833,4.200049432355392,0.0,90.3973207272927,5.402629840351912
38,2.592277077284523e-07,0.062287158744312614,0.13626333277521785,0.19855049151953047,146.4303862178512,150.21891075670393,0.0,0.0,0.19855075074723819,0.40968,3.788524538852726,150.21891075670393,0.16054554867194495,32.643984294334,22.045606414305368,835.2032087448495,52.40846369372205,67.35601570566601,108.13708497822292,19.855075074723818,2.1941847394674557e-09,0.0,0.008835073489264988,0.008835073489264988,2.5703352298898485e-07,0.18971541803026548,709.1825761973002,0.1594203479510958,0.0,3.4232348441679625,0.20586934673366833,4.207979816843759,0.0,90.35799581239128,5.43402437076497
39,1.6331345586892497e-07,0.061608228713999603,0.1357319057773945,0.1973401344913941,150.21891075670393,153.9855938494652,0.0,0.0,0.19734029780484996,0.40968,3.766683092761275,153.9855938494652,0.16115512849260097,32.50967035509125,22.027748895207107,829.7154933516733,52.39100103326831,67.49032964490874,108.76412745933263,19.734029780484995,1.3823363858644971e-09,0.0,0.008800616702656855,0.008800616702656855,1.6193111948306049e-07,0.18853951778873723,728.036544169286,0.15879859409948108,0.0,3.4020151519281256,0.20586934673366833,4.2158734937021,0.0,90.31859246311537,5.4655340431825365
40,1.0288747719742273e-07,0.060936699021017005,0.13520255134486267,0.19613925036587967,153.9855938494652,157.7306070658011,0.0,0.0,0.19613935325335688,0.40968,3.7450132163359218,157.73060706580114,0.16176694667210859,32.375881060922524,22.009868742140714,824.2724932913615,52.37347425044784,67.62411893907748,109.39347242166073,19.61393532533569,8.708719230946332e-10,0.0,0.008766294297516493,0.008766294297516493,1.020166052743281e-07,0.18737295606836318,746.7738499777829,0.15817927045089167,0.0,3.380964599151362,0.20586934673366833,4.22373063360381,0.0,90.27910994822226,5.497159418173925
41,6.481911063437632e-08,0.06027248900168792,0.13467526139461772,0.19494775039630563,157.7306070658011,161.4541201371002,0.0,0.0,0.19494781521541626,0.40968,3.723513071299101,161.4541201371002,0.16238101052360962,32.24261443313858,21.991965725373856,818.8737184199124,52.35588313576162,67.75738556686142,110.02512738784799,19.494781521541626,5.486493115496188e-10,0.0,0.00873210574975618,0.00873210574975618,6.42704613228267e-08,0.18621564464654944,765.3954208694839,0.1575623655432243,0.0,3.360081359022208,0.20586934673366833,4.231551293796108,0.0,90.2395478324427,5.528900873761196
42,4.083603969965708e-08,0.059615518871569524,0.1341500278751787,0.19376554674674823,161.4541201371002,165.15630106057128,0.0,0.0,0.19376558758278792,0.40968,3.7021809234710905,165.1563010605713,0.16299732510560483,32.10986898735172,21.97403968111781,813.5187051903142,52.33822754429746,67.89013101264828,110.65909756130735,19.37655875827879,3.456490662762599e-10,0.0,0.00869805053733213,0.00869805053733213,4.0490390633380823e-08,0.1850674962094161,783.9021745394646,0.15694786869327315,0.0,3.3393637080441487,0.20586934673366833,4.239335460302733,0.0,90.19990586827475,5.560758671422502
43,2.572670501078396e-08,0.05896570971586942,0.13362684276646553,0.19259255248233495,165.15630106057128,168.83731617073042,0.0,0.0,0.19259257820903997,0.40968,3.681015110159146,168.83731617073042,0.163615894036089,31.977643541691176,21.956090487156406,808.2070084324403,52.3205073724117,68.02235645830882,111.2953866636773,19.259257820903997,2.177589117540437e-10,0.0,0.008664128140236536,0.008664128140236536,2.5508946099029917e-08,0.1839284243420984,802.2950195245692,0.15633576972203983,0.0,3.3188099937034377,0.20586934673366833,4.247083074735891,0.0,90.16018392708938,5.592732998174727
44,1.6207824156793897e-08,0.05832298347996644,0.13310569807967632,0.19142868155964277,168.83731617073042,172.49733019028017,0.0,0.0,0.19142869776746693,0.40968,3.6600140195497444,172.49733019028017,0.1642367200116394,31.845937095643105,21.93811804735114,802.9381961584253,52.30272254285417,68.15406290435689,111.93399746878522,19.142869776746693,1.3718811440504755e-10,0.0,0.008630338040489613,0.008630338040489613,1.607063604238885e-08,0.18279834351915314,820.574855483548,0.1557260587816263,0.0,3.2984186140344494,0.20586934673366833,4.254794051329447,0.0,90.12038195526424,5.6248239934063
45,1.0210929218780155e-08,0.05768726296003481,0.13258658585716557,0.19027384881720039,172.49733019028017,176.13650626794364,0.0,0.0,0.1902738590281296,0.40968,3.63917607766347,176.13650626794364,0.16485980513845544,31.714748753571794,21.92012228179603,797.7118462737028,52.28487299528919,68.2852512464282,112.57493214316624,19.02738590281296,8.642851207517996e-11,0.0,0.008596679722131703,0.008596679722131703,1.0124500706704975e-08,0.18167716909506867,838.742573405505,0.1551187262461244,0.0,3.278188004683677,0.20586934673366833,4.262468287759197,0.0,90.08049994625254,5.657031765988267
46,6.432885407831497e-09,0.05705847179377043,0.1320694981723226,0.18912796996609305,176.13650626794364,179.75500600801868,0.0,0.0,0.18912797639897846,0.40968,3.6184997400750336,179.75500600801868,0.1654851511434849,31.584077676507903,21.90210312056021,792.5275444884379,52.26695868024478,68.4159223234921,113.21819246324011,18.912797639897846,5.4449962607363375e-11,0.0,0.00856315267121539,0.00856315267121539,6.378435445224134e-09,0.18056481729487767,856.7990557728363,0.15451376264282482,0.0,3.2581166306985407,0.20586934673366833,4.270105672015906,0.0,90.04053792279615,5.689356405187953
47,4.052717806933843e-09,0.05643653445121833,0.13155442712945056,0.18799096158066889,179.75500600801868,183.35298949465468,0.0,0.0,0.1879909656333867,0.40968,3.5979834866359903,183.35298949465468,0.1661127595091301,31.453923051818606,21.884060499714593,787.3848829851619,52.24897955525427,68.5460769481814,113.86377995387582,18.79909656333867,3.430347644263893e-11,0.0,0.00852975637579765,0.00852975637579765,4.018414330491205e-09,0.17946120520487124,874.7451766951649,0.15391115860882582,0.0,3.2382029812934965,0.20586934673366833,4.277706086770517,0.0,90.00049592559752,5.721797987631961
48,2.5532122183683214e-09,0.05582137622570005,0.1310413648636457,0.18686274108934575,183.35298949465468,186.9306153127445,0.0,0.0,0.18686274364255798,0.40968,3.577625818089821,186.9306153127445,0.1667426315592354,31.324284074189347,21.86599435881016,782.2834595628544,52.2309355823938,68.67571592581065,114.51169597684161,18.686274364255798,2.1611190158862524e-11,0.0,0.008496490325932039,0.008496490325932039,2.531601028209459e-09,0.17836625076341373,892.5818020246662,0.15331090486364543,0.0,3.2184455664925076,0.20586934673366833,4.285269412146119,0.0,89.96037400610307,5.754356581750823
49,1.6085236975720424e-09,0.055212923224839915,0.1305303035406775,0.1857432267655174,186.9306153127445,190.48804056662433,0.0,0.0,0.1857432283740411,0.40968,3.557425253879845,190.48804056662433,0.1673747685140126,31.19515993376033,21.84790463927838,777.2228770812746,52.212826726707355,68.80484006623968,115.16194178730524,18.57432283740411,1.361504980008339e-11,0.0,0.008463354013660903,0.008463354013660903,1.594908647771959e-09,0.1772798727518565,910.3097894593427,0.15271299219191545,0.0,3.198842914954261,0.20586934673366833,4.292795527477678,0.0,89.92017222190397,5.78703225061835
50,1.0133699294703867e-09,0.05461110236168916,0.13002123535686885,0.18463233771855803,190.48804056662433,194.0254208973336,0.0,0.0,0.18463233873192794,0.40968,3.5373803307092717,194.02542089733362,0.16800917152517833,31.066549808788118,21.829791283419567,772.2027430945733,52.19465295520178,68.93345019121188,115.81451856997654,18.463233873192795,8.577481374052534e-12,0.0,0.008430346933007626,0.008430346933007626,1.0047924480963341e-09,0.1762019907855504,927.929988638377,0.15211741143242705,0.0,3.179393572543177,0.20586934673366833,4.300284312428637,0.0,89.8798906338037,5.819825053767683
51,6.384230555663437e-10,0.054015841345946745,0.12951415253897705,0.1835299938849238,194.0254208973336,197.54291049890932,0.0,0.0,0.18352999452334687,0.40968,3.517489601575727,197.54291049890932,0.1686458416984676,30.93845286116866,21.81165423376363,767.2226696042887,52.176414236201516,69.06154713883134,116.46942746226608,18.352999452334686,5.403813265653097e-12,0.0,0.008397468579968896,0.008397468579968896,6.330192423006906e-10,0.1751325253049549,945.4432412321744,0.15152415347117842,0.0,3.16009610137088,0.20586934673366833,4.307735647698866,0.0,89.83952930394604,5.852735048355089
52,4.022065250067965e-10,0.05342706867527593,0.12900904734407503,0.18243611601935095,197.54291049890932,201.04066213401464,0.0,0.0,0.18243611642155746,0.40968,3.4977516351053297,201.04066213401464,0.1692847801081019,30.810868233769195,21.793493432667766,762.2822728877067,52.15811053893321,69.1891317662308,117.1266695691687,18.243611642155745,3.404402357361451e-12,0.0,0.008364718452507016,0.008364718452507016,3.9880212264943504e-10,0.17407139756684392,962.850381028739,0.15093320923694367,0.0,3.140949079134718,0.20586934673366833,4.315149415472964,0.0,89.79908829461908,5.885762289907953
53,2.5339011075428177e-10,0.05284471362671542,0.12850591205943315,0.18135062568614857,201.04066213401464,204.51882714909075,0.0,0.0,0.18135062593953868,0.40968,3.4781650150761205,204.51882714909075,0.16992598780613194,30.683795048903356,21.775308822065245,757.3811733738563,52.13974183325803,69.31620495109664,117.7862459728739,18.13506259395387,2.1447734851377143e-12,0.0,0.00833209605054224,0.00833209605054224,2.5124533726914407e-10,0.17301852963560632,980.1522340174241,0.1503445696984304,0.0,3.121951098644021,0.20586934673366833,4.322525499703471,0.0,89.75856766748879,5.918906832807725
54,1.5963576977519752e-10,0.05226870624818422,0.12800473900240136,0.18027344525058558,204.51882714909075,207.9775554891521,0.0,0.0,0.18027344541022136,0.40968,3.4587283400613726,207.97755548915214,0.17056946582851634,30.557232407528208,21.757100343310658,752.5189955496785,52.12130808949915,69.4427675924718,118.4481577390172,18.027344541022135,1.35120729563676e-12,0.0,0.008299600875945124,0.008299600875945124,1.5828456247956076e-10,0.17197384437464047,997.3496184707166,0.14975822586243834,0.0,3.103100767465266,0.20586934673366833,4.329863786289182,0.0,89.71796748310692,5.9521687306038995
55,1.0057053495837444e-10,0.051698977350079015,0.127505520520292,0.17920449787037102,207.9775554891521,211.41699571230117,0.0,0.0,0.17920449797094154,0.40968,3.4394402231490697,211.41699571230117,0.17121521519910995,30.431179388896794,21.738867937085256,747.6953678853653,52.10280927832684,69.5688206111032,119.11240592078312,17.920449797094154,8.512605962511588e-13,0.0,0.008267232432528939,0.008267232432528939,9.971927436212328e-11,0.17093726543784207,1014.4433450244728,0.14917416877264886,0.0,3.0843967076427523,0.20586934673366833,4.337164163186664,0.0,89.67728780059308,5.985548036220244
56,6.335943702377589e-11,0.05113545849696315,0.12700824899026286,0.17814370748722602,211.41699571230117,214.8372950040111,0.0,0.0,0.17814370755058545,0.40968,3.4202992917099486,214.8372950040111,0.17186323693231828,30.305635050497727,21.720611543340457,742.9099227719407,52.0842453706806,69.69436494950227,119.77899156163767,17.814370755058544,5.3629417563823e-13,0.0,0.008234990226042077,0.008234990226042077,6.282314284813766e-11,0.16990871726118395,1031.4342167568736,0.1485923895088122,0.0,3.065837555467468,0.20586934673366833,4.344426520479287,0.0,89.63652867742839,6.019044802092327
57,3.9916445324978815e-11,0.050578081999346255,0.12651291681920085,0.17709099881854712,214.8372950040111,218.23859919120784,0.0,0.0,0.17709099885846358,0.40968,3.4013041871967427,218.23859919120784,0.17251353203491795,30.1805984281749,21.702331101267596,738.1622964667127,52.06561633771945,69.8194015718251,120.4479156971985,17.709099885846356,3.378653306520849e-13,0.0,0.008202873764160512,0.008202873764160512,3.957857999432673e-11,0.1688881250543866,1048.32302926627,0.14801287918618508,0.0,3.047421961276889,0.20586934673366833,4.351650750419152,0.0,89.59569016931962,6.052659080261209
58,2.5147360554736654e-11,0.05002678090555338,0.12601951644360596,0.17604629734915933,218.23859919120784,221.6210527561715,0.0,0.0,0.1760462973743067,0.40968,3.38245356496367,221.6210527561715,0.17316610150732345,30.05606853636022,21.684026549281803,733.4521290438507,52.04692215078424,69.94393146363979,121.11917935653922,17.60462973743067,2.128551583108135e-13,0.0,0.008170882556480286,0.008170882556480286,2.493450539642584e-11,0.16787541479267903,1065.1105707480315,0.14743562895512707,0.0,3.0291485892748744,0.20586934673366833,4.358836747451717,0.0,89.55477233010913,6.086390922439153
59,1.5842837149484093e-11,0.04948148899368285,0.1255280403294759,0.17500952932315875,221.6210527561715,224.98479885027078,0.0,0.0,0.17500952933900157,0.40968,3.3637460940992687,224.98479885027078,0.17382094634451514,29.93204436837648,21.665697825016643,728.7790643483477,52.028162781372146,70.06795563162352,121.79278356314299,17.50095293390016,1.3409874973581252e-13,0.0,0.008139016114510013,0.008139016114510013,1.570873839974828e-11,0.16687051320864874,1081.797622070467,0.14686063000079597,0.0,3.0110161173648047,0.20586934673366833,4.365984408229294,0.0,89.51377521171328,6.120240380057439
60,9.98098740417498e-12,0.048942140763651706,0.12503848097219095,0.17398062173584267,224.98479885027078,228.32997930753896,0.0,0.0,0.17398062174582365,0.40968,3.3451804572681985,228.32997930753896,0.17447806753674075,29.808524896783233,21.647344865324307,724.1427499522766,52.009338201115625,70.19147510321676,122.4687293356251,17.398062174582364,8.448221233356188e-14,0.0,0.008107273951663423,0.008107273951663423,9.896505191841417e-12,0.16587334778417925,1098.3849568498747,0.146287873542907,0.0,2.993023236991623,0.20586934673366833,4.373093631617448,0.0,89.47269886407982,6.154207504302745
61,6.288022064630237e-12,0.0484086714293279,0.1245508308963994,0.1729595023257273,228.32997930753896,231.65673465809823,0.0,0.0,0.17295950233201532,0.40968,3.326755350559279,231.65673465809823,0.17513746607007535,29.68550907374881,21.6289676062799,719.5428371126472,51.990448381765965,70.31449092625118,123.14701768830939,17.29595023320153,5.3223793770143986e-14,0.0,0.008075655583251936,0.008075655583251936,6.234798270860093e-12,0.16488384674247536,1114.8733415247457,0.14571735083553156,0.0,2.9751686529900785,0.20586934673366833,4.380164318696721,0.0,89.43154333515709,6.188292346146179
62,3.96145390071705e-12,0.047881016910748225,0.12406508265590344,0.17194609956665166,231.65673465809823,234.96520414143623,0.0,0.0,0.1719460995706131,0.40968,3.308469483338019,234.96520414143626,0.1757991429268951,29.562995831437544,21.610565983188884,714.9789807304332,51.971493295180935,70.43700416856245,123.82764963171415,17.19460995706131,3.353099007519071e-14,0.0,0.008044160526477252,0.008044160526477252,3.92792291064186e-12,0.16390193904017442,1131.2635354291558,0.1451490531669214,0.0,2.9574510834374292,0.20586934673366833,4.3871963727613394,0.0,89.3903086708711,6.222494956367567
63,2.4957159574517416e-12,0.04735911382642107,0.12358122883354541,0.1709403426599665,234.96520414143623,238.25552571953875,0.0,0.0,0.17094034266246222,0.40968,3.2903215781025286,238.25552571953875,0.17646309908628968,29.44098408240523,21.592139930595685,710.4508393104805,51.952472913313514,70.55901591759476,124.51062617297616,17.094034266246222,2.1124523747370146e-14,0.0,0.008012788300423991,0.008012788300423991,2.4745914337043714e-12,0.1629275543595425,1147.5562908653576,0.14458297185934887,0.0,2.9398692595095115,0.20586934673366833,4.394189699315875,0.0,89.34899491510745,6.256815385576678
64,1.5723010531945972e-12,0.04684289948571308,0.12309926204109459,0.16994216152680766,238.25552571953875,241.52783608988085,0.0,0.0,0.16994216152837996,0.40968,3.272310370342112,241.52783608988088,0.1771293355244232,29.319472719998664,21.573689382291878,705.9580749221353,51.93338720819816,70.68052728000134,125.19594831622506,16.994216152837996,1.3308449960843192e-14,0.0,0.007981538426052337,0.007981538426052337,1.558992603233754e-12,0.16196062310075532,1163.7523531755892,0.1440190982689579,0.0,2.9224219253394863,0.20586934673366833,4.401144206070558,0.0,89.30760210969702,6.29125368423244
65,9.905496635125962e-13,0.04633231188131881,0.12261917491913432,0.16895148680045313,241.52783608988085,244.78227069827895,0.0,0.0,0.16895148680144367,0.40968,3.2544346083981157,244.78227069827898,0.1777978532148947,29.19846061875631,21.555214271327944,701.5003531604691,51.914236151945175,70.80153938124369,125.88361706294951,16.895148680144366,8.384323475331211e-15,0.0,0.007950410426190734,0.007950410426190734,9.82165340037265e-13,0.1610010763742624,1179.8524608131136,0.14345742378562104,0.0,2.9051078378788264,0.20586934673366833,4.408059802935572,0.0,89.26613029440362,6.3258099026608035
66,6.240462880129356e-13,0.04582728968181243,0.1221409601369497,0.16796824981876213,244.78227069827895,248.01896375160564,0.0,0.0,0.16796824981938618,0.40968,3.236693053326707,248.01896375160567,0.17846865312905447,29.07794663480846,21.536714530022156,697.0773431080331,51.89501971672787,70.92205336519154,126.5736334123266,16.79682498193862,5.282123789458663e-15,0.0,0.00791940382552859,0.00791940382552859,6.187641642234769e-13,0.16004884599323355,1195.8573454124987,0.14289793983280175,0.0,2.8879257667602367,0.20586934673366833,4.414936402014697,0.0,89.22457950691359,6.360484091071709
67,3.9314916144814945e-13,0.04532777222428068,0.12166461039241559,0.16699238261669627,248.01896375160564,251.23804823036906,0.0,0.0,0.16699238261708943,0.40968,3.2190844787634307,251.23804823036906,0.17914173623632654,28.957929606275666,21.518190089971863,692.6887172970927,51.87573787477547,71.04207039372433,127.26599836155107,16.699238261708942,3.327737987358958e-15,0.0,0.00788851815060903,0.00788851815060903,3.8982142346079047e-13,0.15910386446608724,1211.7677318591466,0.14234063786741893,0.0,2.870874494162343,0.20586934673366833,4.421773917598373,0.0,89.18294978282621,6.395276299575411
68,2.476839717123342e-13,0.04483369950703602,0.12119011841188518,0.1660238179189212,251.23804823036906,254.43965590115846,0.0,0.0,0.1660238179191689,0.40968,3.2016076707894046,254.43965590115846,0.17981710350450944,28.838408353664818,21.499640882063378,688.3341516723149,51.85639059836256,71.16159164633518,127.96071290614687,16.60238179191689,2.0964749320361437e-15,0.0,0.007857752929821655,0.007857752929821655,2.4558749678029805e-13,0.15816606498909955,1227.584338358081,0.14178550937971404,0.0,2.853952814676022,0.20586934673366833,4.428572266156356,0.0,89.1412411556453,6.430186578198326
69,1.5604090217877053e-13,0.04434501218240933,0.12071747695007883,0.16506248913248817,254.43965590115846,257.62391732895753,0.0,0.0,0.1650624891326442,0.40968,3.184261427799064,257.62391732895753,0.18049475590008332,28.719381680262305,21.481066836483432,684.0133255538802,51.8369778598027,71.2806183197377,128.65777804028062,16.50624891326442,1.3207792071827705e-15,0.0,0.00782710769339535,0.00782710769339535,1.5472012297158776e-13,0.15723538143909283,1243.307876502006,0.1412325458931193,0.0,2.837159535172276,0.20586934673366833,4.435331366329996,0.0,89.09945365677146,6.4652149768985385
70,9.830576837262543e-14,0.043861651549621065,0.12024667878997351,0.16410833033959457,257.62391732895753,260.7909618893269,0.0,0.0,0.16410833033969288,0.40968,3.1670445603694115,260.7909618893269,0.18117469438850228,28.600848372524034,21.462467882729513,679.7259216010126,51.81749963143934,71.39915162747596,129.35719475706293,16.41083303396929,8.320909005251454e-16,0.0,0.007796581973391108,0.007796581973391108,9.747367747210028e-14,0.15631174836620346,1258.9390513386359,0.1406817389641274,0.0,2.8204934746716157,0.20586934673366833,4.442051138924232,0.0,89.05758731549476,6.500361545581009
71,6.193263407475402e-14,0.0433835595477302,0.11977771674269262,0.16316127629042282,260.7909618893269,263.94091778045765,0.0,0.0,0.16316127629048474,0.40968,3.149955891130723,263.94091778045765,0.18185691993447362,28.482807200462023,21.443843949619165,675.4716257759095,51.7979558856347,71.51719279953798,130.0589640488389,16.316127629048474,5.242172673308416e-16,0.0,0.007766175303694882,0.007766175303694882,6.140841680742319e-14,0.15539510098672793,1274.4785614373147,0.14013308018216178,0.0,2.803953464214892,0.20586934673366833,4.448731506899258,0.0,89.0156421589882,6.535626334112524
72,3.9017559467095035e-14,0.04291067874865994,0.11931058364739612,0.16222126239605605,263.94091778045765,267.0739120350963,0.0,0.0,0.16222126239609508,0.40968,3.132994254638668,267.0739120350963,0.18254143350226218,28.36525691802752,21.425194965302737,671.2501273080693,51.77834659476703,71.63474308197249,130.7630869074952,16.22212623960951,3.3025687841843016e-16,0.0,0.007735887220010472,0.007735887220010472,3.8687302588676605e-14,0.15448537517604558,1289.9270989549234,0.1395865611694479,0.0,2.787538346735552,0.20586934673366833,4.455372395361976,0.0,88.97361821230156,6.571009392336453
73,2.4581062464269873e-14,0.042442952350299545,0.11884527237117128,0.1612882247214708,267.0739120350963,270.1900705323442,0.0,0.0,0.1612882247214954,0.40968,3.11615849724784,270.1900705323442,0.18322823605595367,28.24819626349048,21.406520857271655,667.0611186590045,51.75867173121742,71.75180373650952,131.46956432473624,16.12882247214954,2.08061833403611e-16,0.0,0.007705717259852431,0.007705717259852431,2.4373000630866263e-14,0.1535825074616184,1305.2853497010876,0.1390421735808849,0.0,2.771246976933287,0.20586934673366833,4.461973731557157,0.0,88.93151549835557,6.606510770087275
74,1.548606935249002e-14,0.04198032416968128,0.11838177580892371,0.160362099978605,270.1900705323442,273.28951800933083,0.0,0.0,0.1603620999786205,0.40968,3.0994474769866547,273.28951800933083,0.18391732855974283,28.13162395981541,21.387821552369964,662.9042954873388,51.73893126736504,71.86837604018459,132.17839729237778,16.03620999786205,1.310789550442749e-16,0.0,0.007675664962539006,0.007675664962539006,1.5354990397445744e-14,0.152686435016066,1320.5539932026957,0.13849990910391805,0.0,2.755078221149068,0.20586934673366833,4.468535444858399,0.0,88.88933403793668,6.642130517204913
75,9.756223692068713e-15,0.04152273863623176,0.11792008688326891,0.15944282551950067,273.28951800933083,276.37237807276443,0.0,0.0,0.15944282551951044,0.40968,3.0828600634336043,276.37237807276443,0.18460871197820053,28.0155387150334,21.369096976803817,658.7793566142816,51.719125175577275,71.9844612849666,132.88958680262326,15.944282551951044,8.257974167789319e-17,0.0,0.0076457298691851045,0.0076457298691851045,9.673643950390819e-15,0.15179709565031557,1335.7337027677281,0.1379597594584119,0.0,2.7390309572415243,0.20586934673366833,4.475057466758843,0.0,88.84707384969226,6.677868683548898
76,6.146420926003289e-15,0.04107014078509683,0.11746019854442416,0.158530339329521,276.37237807276443,279.4387732103593,0.0,0.0,0.15853033932952712,0.40968,3.0663951375948577,279.4387732103593,0.18530238727654952,27.89993922261053,21.35034705615227,654.686003989476,51.699253428203704,72.10006077738947,133.60313384834583,15.853033932952712,5.202523725707271e-17,0.0,0.007615911522695282,0.007615911522695282,6.0943956887462166e-15,0.1509144278068257,1350.8251455484115,0.13742171639652354,0.0,2.7231040744646666,0.20586934673366833,4.481539730861657,0.0,88.80473495012606,6.71372531901231
77,3.872245183382072e-15,0.040622476250539274,0.11700210377010091,0.15762458002064017,279.4387732103593,282.48882480214246,0.0,0.0,0.15762458002064406,0.40968,3.0500515917831823,282.48882480214246,0.18599835542092388,27.784824161812367,21.331571715376494,650.623942657213,51.6793159975665,72.21517583818763,134.3190394233574,15.762458002064406,3.277589947195581e-17,0.0,0.007586209467756771,0.007586209467756771,3.839469283910116e-15,0.1500383705528834,1365.8289826037,0.13688577170257676,0.0,2.707296473346937,0.20586934673366833,4.487982172870324,0.0,88.76231735359411,6.74970047353556
78,2.4395144655307054e-15,0.040179691259408394,0.11654579556539751,0.15672548682480592,282.48882480214246,285.5226531316406,0.0,0.0,0.15672548682480836,0.40968,3.033828329498164,285.52265313164065,0.1866966173786419,27.670192198064676,21.312770878830925,646.5928807230134,51.65931285595563,72.32980780193532,135.03730452268624,15.672548682480835,2.064881666733216e-17,0.0,0.00755662325083252,0.00755662325083252,2.418865648863373e-15,0.1491688635739734,1380.7458689610976,0.13635191719293652,0.0,2.6916070655715596,0.20586934673366833,4.494384730578706,0.0,88.71982107230133,6.7857941971199764
79,1.5368941132843443e-15,0.039741732624680844,0.11609126696269247,0.15583299958737332,285.5226531316406,288.5403773969483,0.0,0.0,0.15583299958737484,0.40968,3.0177242653077365,288.5403773969483,0.18739717411846077,27.556041983310376,21.29394447027262,642.5925293205684,51.639243975620296,72.44395801668962,135.75793014284048,15.583299958737484,1.3008754500419262e-17,0.0,0.007527152420154273,0.007527152420154273,1.523885358783925e-15,0.14830584716721903,1395.5764536778197,0.1358201447158839,0.0,2.6760347738581842,0.20586934673366833,4.500747343860903,0.0,88.67724611629791,6.822006539841191
80,9.68243291369137e-16,0.039308547739071824,0.11563851102153797,0.1549470587606098,288.5403773969483,291.5421157216793,0.0,0.0,0.15494705876061077,0.40968,3.001738324730976,291.5421157216793,0.18810002661081845,27.442372156362566,21.2750924128695,638.6226025790368,51.619109328757816,72.55762784363743,136.48091728206063,15.494705876061076,8.195515335264134e-18,0.0,0.007497796525715672,0.007497796525715672,9.60047776033873e-16,0.14744926223489413,1410.3213799013092,0.13529044615149188,0.0,2.660578531845816,0.20586934673366833,4.507069954660921,0.0,88.63459249347673,6.85833755186235
81,6.099932735625564e-16,0.03888008456871594,0.11518752082855396,0.1540676053972699,291.5421157216793,294.52798516580145,0.0,0.0,0.15406760539727052,0.40968,2.985869444122166,294.52798516580145,0.18880517582811177,27.32918134325373,21.256214629213037,634.6828175906962,51.598908887513716,72.67081865674626,137.20626694059803,15.406760539727053,5.1631746612164045e-18,0.0,0.0074685551192653805,0.0074685551192653805,6.0483009890134e-16,0.14659905027800452,1424.9812849291097,0.134762813411501,0.0,2.6452372839769964,0.20586934673366833,4.513352506982125,0.0,88.59186020957075,6.894787283447121
82,3.842957623444105e-16,0.03845629164691693,0.11473828949732261,0.15319458114423953,294.52798516580145,297.49810173635757,0.0,0.0,0.15319458114423992,0.40968,2.970116570556114,297.49810173635757,0.18951262274492112,27.216468157581076,21.237311041325242,630.7728943789446,51.57864262396821,72.78353184241892,137.93398012095292,15.319458114423993,3.2528000365663347e-18,0.0,0.007439427754300246,0.007439427754300246,3.8104296230784417e-16,0.14575515338993927,1439.5568002681039,0.13423723843919613,0.0,2.630009985383249,0.20586934673366833,4.519594946876514,0.0,88.54904926815095,6.931355784972511
83,2.421063302769786e-16,0.03803711806796554,0.11429081016828305,0.15232792823624858,297.49810173635757,300.45258039807226,0.0,0.0,0.15232792823624883,0.40968,2.954478661714701,300.45258039807226,0.19022236833826944,27.104231200848005,21.21838157066984,626.8925558666424,51.55831051013324,72.895768799152,138.6640578281362,15.232792823624882,2.049264023036791e-18,0.0,0.007410413986058475,0.007410413986058475,2.4005706625394183e-16,0.14491751425019012,1454.0485516931228,0.13371371320928324,0.0,2.61489560177175,0.20586934673366833,4.525797222433799,0.0,88.50615967062473,6.968043106941487
84,1.5252698807449652e-16,0.037622513481024716,0.11384507600862674,0.15146758948965144,300.45258039807226,303.3915350838469,0.0,0.0,0.15146758948965158,0.40968,2.938954685774657,303.3915350838469,0.19093441358785093,26.992469062801682,21.199426138160412,623.0415278448037,51.53791251794248,73.00753093719831,139.39650106990845,15.146758948965159,1.2910363345131782e-18,0.0,0.007381513371512847,0.007381513371512847,1.5123595173998333e-16,0.1440860761181386,1468.4571593049368,0.133192229727767,0.0,2.5998931093132214,0.20586934673366833,4.531959283770306,0.0,88.46319141623428,7.004849299995409
85,9.609200248693281e-17,0.037212428084081546,0.1134010802121931,0.15061350829627465,303.3915350838469,306.31507870514343,0.0,0.0,0.15061350829627473,0.40968,2.923543621296547,306.3150787051435,0.19164875947627832,26.881180321766745,21.18044466417093,619.2195389416197,51.51744861924742,73.11881967823325,140.1313108570309,15.061350829627473,8.133528907433022e-19,0.0,0.007352725469363946,0.007352725469363946,9.527864959618951e-17,0.1432607828269107,1482.7832375876278,0.13267278003182872,0.0,2.58500149453105,0.20586934673366833,4.5380810830176825,0.0,88.42014450205608,7.04177441492624
86,6.053796156676768e-17,0.036806812617965055,0.11295881599936554,0.1497656286173306,306.31507870514343,309.2233231622584,0.0,0.0,0.14976562861733064,0.40968,2.90824445711495,309.2233231622584,0.19236540698931215,26.770363544975094,21.161437068544647,615.4263205918203,51.4969187858098,73.2296364550249,140.86848820350235,14.976562861733065,5.124123211682804e-19,0.0,0.0073240498400334265,0.0073240498400334265,6.00255492455994e-17,0.14244157877729716,1497.0273954653576,0.1321553561897046,0.0,2.5702197541915774,0.20586934673366833,4.544162574311444,0.0,88.37701892299998,7.078818502688587
87,3.8138915787063634e-17,0.036405618360429236,0.11251827661696802,0.14892389497739725,309.2233231622584,312.11637935448823,0.0,0.0,0.14892389497739728,0.40968,2.89305619222983,312.11637935448823,0.1930843571160818,26.66001728889183,21.142403270602436,611.661607006367,51.476322989293045,73.33998271110818,141.60803412678877,14.892389497739728,3.2281976233601667e-19,0.0,0.007295486045657296,0.007295486045657296,3.7816096024727614e-17,0.14162840893173995,1511.1902363585318,0.13163995030056472,0.0,2.555546895195597,0.20586934673366833,4.550203713779334,0.0,88.33381467180915,7.115981614411507
88,2.402751694585009e-17,0.036008797120300556,0.11207945533816184,0.1480882524584624,312.11637935448823,314.9943571901873,0.0,0.0,0.14808825245846244,0.40968,2.8779778356990677,314.9943571901873,0.1938056108493191,26.550140099537263,21.12334318915287,607.9251351424718,51.45566120125821,73.44985990046274,142.3499496480609,14.808825245846243,2.033764502716905e-19,0.0,0.007267033650079233,0.007267033650079233,2.38241404955784e-17,0.14082121880838316,1525.27235823937,0.1311265544943925,0.0,2.5409819344710067,0.20586934673366833,4.556204459529535,0.0,88.29053173906033,7.153263801410137
89,1.5137335675885556e-17,0.03561630123168928,0.11164234546234302,0.1472586466940323,314.9943571901873,317.8573655967195,0.0,0.0,0.14725864669403232,0.40968,2.863008406532159,317.8573655967195,0.19452916918557903,26.440730512805015,21.10425674250116,604.2166446739413,51.43493339315748,73.55926948719498,143.09423579242153,14.725864669403233,1.28127163671165e-19,0.0,0.007238692218843924,0.007238692218843924,1.500920851221439e-17,0.14001995447518836,1539.274353686889,0.13061516093186437,0.0,2.5265238988666257,0.20586934673366833,4.562164771638691,0.0,88.2471701131642,7.190665115197101
90,9.5365214758079e-18,0.03522808354826387,0.11120694031503987,0.14643502386330376,317.8573655967195,320.70551253030453,0.0,0.0,0.14643502386330376,0.40968,2.8481469335850536,320.70551253030453,0.19525503312545262,26.33178705477634,21.085143848457715,600.5358779618435,51.414139536327184,73.66821294522366,143.84089358912541,14.643502386330375,8.072011311283395e-20,0.0,0.007210461319190432,0.007210461319190432,9.455801362695066e-18,0.13922456254411333,1553.1968099413002,0.1301057618042301,0.0,2.5121718250471554,0.20586934673366833,4.56808461213979,0.0,88.2037297803665,7.228185607493712
91,6.008008529758978e-18,0.0348440974375878,0.11077323324781121,0.145617330685399,320.70551253030453,323.53890498576067,0.0,0.0,0.145617330685399,0.40968,2.833392455456133,323.53890498576067,0.19598320367377564,26.223308242030395,21.06600442434653,596.8825800254901,51.39327960198043,73.7766917579696,144.58992407179522,14.561733068539901,5.085367126108539e-20,0.0,0.00718234052004559,0.00718234052004559,5.957154858497892e-18,0.1384349901653534,1567.0403089578356,0.1295983493331936,0.0,2.4979247593892713,0.20586934673366833,4.573963945009878,0.0,88.16021072474916,7.265825330240971
92,3.785045373748156e-18,0.03446429677551809,0.11034121763814475,0.14480551441366285,323.53890498576067,326.35764900614396,0.0,0.0,0.14480551441366285,0.40968,2.818744020383305,326.35764900614396,0.19671368183985152,26.115292581950765,21.046838387015455,593.2564985137335,51.372353561204974,73.88470741804923,145.34132827864653,14.480551441366284,3.20378128944838e-20,0.0,0.007154329392017412,0.007154329392017412,3.753007560853672e-18,0.13765118502164544,1580.8054274600001,0.12909291577079415,0.0,2.4837817578788424,0.20586934673366833,4.579802736157629,0.0,88.11661292823202,7.303584335610346
93,2.384578585461338e-18,0.03408863594066495,0.10991088688935599,0.14399952283002093,326.35764900614396,329.1618496922862,0.0,0.0,0.14399952283002093,0.40968,2.804200686142202,329.1618496922862,0.19744646863763704,26.00773857302804,21.02764565284289,589.6573836765757,51.35136138495244,73.99226142697196,146.0951072526846,14.399952283002094,2.0183822123524792e-20,0.0,0.007126427507388544,0.007126427507388544,2.364394763337813e-18,0.1368730953226324,1594.4927369922634,0.12858945339928807,0.0,2.469741886009246,0.20586934673366833,4.585600953410767,0.0,88.0729363705749,7.34146267601436
94,1.502284508840643e-18,0.0337170698089117,0.1094822344304875,0.1431993042393992,329.1618496922862,331.9516112122317,0.0,0.0,0.1431993042393992,0.40968,2.7897615199454906,331.9516112122317,0.19818156508596474,25.90064470515852,21.008426137748668,586.084988337085,51.33030304403821,74.09935529484147,146.8512620419265,14.319930423939919,1.271580793782062e-20,0.0,0.0070986344401097285,0.0070986344401097285,1.4895687009028224e-18,0.13610066979928948,1608.1028039721925,0.12808795453103083,0.0,2.455804218680792,0.20586934673366833,4.591358566503332,0.0,88.02918102937974,7.379460404116938
95,9.46439240569605e-19,0.03334955374799456,0.1090552537162086,0.14240480746420314,331.9516112122317,334.72703681057493,0.0,0.0,0.14240480746420314,0.40968,2.7754255983432525,334.72703681057493,0.19891897220871735,25.794009459939105,20.989179757200265,582.5390678636152,51.3091785091302,74.2059905400609,147.60979369958716,14.240480746420314,8.01095900082699e-21,0.0,0.0070709497657933,0.0070709497657933,9.38428281568778e-19,0.13533385769840983,1621.6361897420334,0.1275884115083598,0.0,2.441967840101224,0.20586934673366833,4.597075547062826,0.0,87.9853468800936,7.417577572843562
96,5.962567215588511e-19,0.03298604361214142,0.10862993822671538,0.1416159818388568,334.72703681057493,337.4882288176994,0.0,0.0,0.1416159818388568,0.40968,2.761192007124444,337.4882288176994,0.19965869103502965,25.68783131095829,20.969906426222295,579.0193801423293,51.28798775074583,74.31216868904171,148.37070328428385,14.16159818388568,5.046904170521004e-21,0.0,0.007043373061706706,0.007043373061706706,5.912098173883301e-19,0.13457260877715008,1635.0934506197486,0.1270908167034772,0.0,2.4282318436872985,0.20586934673366833,4.602751868597211,0.0,87.94143389601159,7.455814235391202
97,3.756417345820762e-19,0.03262649573676908,0.10820628146763119,0.14083277720440027,337.4882288176994,340.2352886589188,0.0,0.0,0.14083277720440027,0.40968,2.7470598412194183,340.2352886589188,0.20040072259948535,25.582108724083323,20.95060605940576,575.5256855500191,51.26673073924896,74.41789127591667,149.1339918602364,14.083277720440027,3.179549627428232e-21,0.0,0.00701590390676605,0.00701590390676605,3.7246218495464795e-19,0.13381687329763423,1648.475137949512,0.12659516251833364,0.0,2.4145953319674165,0.20586934673366833,4.608387506481771,0.0,87.89744204828021,7.494170445238028
98,2.36654292786708e-19,0.0322708669332383,0.10778427696990743,0.14005514390314572,340.2352886589188,342.9683168635223,0.0,0.0,0.14005514390314572,0.40968,2.7330282046034937,342.9683168635223,0.20114506794228265,25.476840157743514,20.931278570914422,572.0577469272195,51.24540744483994,74.52315984225649,149.8996604974427,14.005514390314572,2.003116265279786e-21,0.0,0.006988541881529663,0.006988541881529663,2.346511765214282e-19,0.13306660202161605,1661.7817981516737,0.12610144138451215,0.0,2.401057416485313,0.20586934673366833,4.6139824379458565,0.0,87.85337130590122,7.532646256152916
99,1.4909220445562603e-19,0.031919114483666,0.10736391828972479,0.1392830327733908,342.9683168635223,345.68741307372386,0.0,0.0,0.1392830327733908,0.40968,2.7190962102015646,345.68741307372386,0.20189172810942982,25.372024063209764,20.91192387449468,568.6153295516162,51.22401783755456,74.62797593679024,150.66771027187525,13.92830327733908,1.2619632471262652e-21,0.0,0.006961286568191697,0.006961286568191697,1.4783024120849976e-19,0.1323217462051991,1675.0139727721937,0.12560964576311257,0.0,2.3876172177047836,0.20586934673366833,4.619536642059503,0.0,87.80922163573578,7.571241722204725
